VideoID,Title,Views,Likes,Dislikes,Comments,Upload_Date
EiFcNbXBqeo,Jet Engine vs Human for $10k,80982050,1342772,0,4228,2025-07-20
pzBi1nwDn8U,"Survive 100 Days Trapped In A Private Jet, Keep It",98449664,2840771,0,36898,2025-07-19
R7oW0LwS_e4,I Met Neymar,73051329,1321242,0,13258,2025-07-11
BfKI_TQnQvo,I Raced A Cheetah,94929935,2454893,0,10775,2025-07-06
FWAdfuPpLOc,World's Fastest Car Vs Cheetah!,123002519,2962519,0,41971,2025-07-05
NjlP2_l1Wr0,"You Lose, You Get Shot",73101878,1294038,0,5847,2025-06-30
gGcaGdHlt60,"If You Spill, You Lose!",265656756,2788623,0,6445,2025-06-25
pe_ejTiIcSs,"Lose 100 LBs, Win $250,000!",175181978,6007386,0,99868,2025-06-21
V6In4tmd-w8,"$1 vs $25,000 VFX",68850080,1853273,0,10896,2025-06-19
ZGvn9ywXjpY,Feastables vs Reese‚Äôs Taste Test with @gordonramsay,218084564,4470242,0,11014,2025-06-10
hTSaweR8qMI,"$1 vs $500,000 Romantic Date",111975407,3066303,0,57495,2025-06-07
KCRLP-zBacU,Can I Teach a Penguin To Subscribe?,194367811,5258151,0,16105,2025-05-31
c2ukL_zjFCk,Extreme Helmet Game,158499739,3044148,0,6403,2025-05-28
DZIASl9q90s,"Beat Neymar, Win $500,000",149958001,3470168,0,81249,2025-05-24
7qY-qalCI2Y,"Grab The Rolex, Keep It!",172956885,2704405,0,8369,2025-05-21
N0pwLtonPdg,Slippery vs Sticky Stairs,600343222,6880079,0,20515,2025-05-16
-4GmbBoYQjE,I Survived 100 Hours In An Ancient Temple,102604196,2781999,0,77395,2025-05-10
0yPgljFcTR4,"Subscribe to Win $50,000",60529825,3670346,0,136089,2025-05-07
TN1wErFGTzM,"Find This Key, Win $10,000",43193808,1344943,0,5869,2025-05-05
3dxksf0CzS8,World‚Äôs Fastest Robbers,215861462,4887319,0,11713,2025-05-02
x7yv72s8h0o,Would You Go On Vacation With A Stranger?,185585979,6281378,0,19468,2025-04-29
uyiG6uw-6pA,"Would You Risk Drowning for $500,000?",167474728,2986228,0,42571,2025-04-26
M1STzb7k9L8,Extreme Helmet Game,194163935,2134497,0,4931,2025-04-25
7K-yxGWYsnk,"$10,000 Human Shuffleboard",410711376,5331279,0,4471,2025-04-22
Tbn4cYCaZCk,"Drift This Car, Win $10,000",426382088,5963420,0,9831,2025-04-16
figrl0aOULs,Watch This Video To Feed 1 Person In Need,69303244,4156154,0,73535,2025-04-12
Uxc84UUrVHk,You Can Stop Child Labor,83941483,3427322,0,19976,2025-04-11
BzKaMelDzqo,How Fast Can I Go?,156576716,2640632,0,8107,2025-04-05
4yx9ZJDfyKk,Baseball Tic Tac Toe vs MLB Pro,61193307,1486536,0,7508,2025-03-27
kPa_S6jN9ls,Could You Win This Obstacle Course?,84882139,1624215,0,10140,2025-03-25
69g-YcbmgQA,"Find Your Dog, Win $10,000",392234973,10456989,0,9264,2025-03-23
aKq8bkY5eTU,I Survived The 5 Deadliest Places On Earth,142831359,3043582,0,54379,2025-03-22
TNtpUQbW4mg,This Is How The Pyramids Were Built,236193633,6771188,0,16741,2025-03-18
TgCm8oDmxOk,I Crashed One Of The Most Expensive Cars In The World,87440735,2303767,0,6654,2025-03-14
954wJ3uHVAk,Last One To Fall Wins,124019076,3784799,0,7972,2025-03-08
zajUgQLviwk,"Last to Leave Their Circle Wins $500,000",185912059,3018797,0,83478,2025-03-01
PXevNM0awlI,"Highest Away From Me Wins $10,000",423091044,10194936,0,10574,2025-02-28
PuQ5UxKUY48,"Find The Human, Win $10,000",279009893,6801540,0,7873,2025-02-24
L5ihmu87xTE,"Find This Stranger, Win $10,000",524671816,14962755,0,11183,2025-02-19
nAiKLoCP-kU,"Reach the Money, Win $10,000",415834008,7108972,0,8254,2025-02-14
NDsO1LT_0lw,I Spent 100 Hours Inside The Pyramids!,210924689,5296791,0,101151,2025-02-08
sF5LYGgKbUA,Every Minute One Person Is Eliminated,129731905,2939694,0,73579,2025-01-25
MFpWEKN9c6Y,"Last Person Hanging Wins $10,000",471859412,11962934,0,13091,2025-01-21
TRxMLLuWIhw,Subscribe For An iPhone,219540803,24667481,0,187839,2025-01-17
SM66GDRyIVY,"I Helped 2,000 People Walk Again",110372521,2899960,0,54268,2025-01-11
EvqtfK_RaRg,This obstacle course is WILD,185377850,3732815,0,5218,2025-01-10
3cWm9B_0_kI,How Many People To Stop Ronaldo?,442927622,11068447,0,25002,2024-12-28
qtWqHIx8Z-o,"Last Person Standing Wins $10,000",550172770,12389289,0,8803,2024-12-22
gs8qfL9PNac,"2,000 People Fight For $5,000,000",179402453,4539596,0,50415,2024-12-19
DBPYB8WkkDc,Bring Me Back Snow From The North Pole,514696976,16291321,0,12455,2024-12-10
zvBXpoBegwE,I Got T-Series To Subscribe To Me,161699564,7555592,0,13291,2024-12-09
SWc8fI_9iqA,Ronaldo Teaches Me How To SIUU,304763915,8964582,0,33355,2024-12-01
0BjlBnfHcHM,"Beat Ronaldo, Win $1,000,000",304618576,7939808,0,116791,2024-11-30
HcL1EQ5qD_g,Confronting Ronaldo,199793309,11671691,0,23746,2024-11-29
dc089EZRGcg,How Many Balloons To Make A Store Fly?,438983127,10304294,0,11247,2024-11-19
vXNtju4VFm4,Restocking MrBeast Labs at Walmart,295309436,5387806,0,3279,2024-11-18
I9mw5UlDyPI,This Game Is Wild...,619531217,13072199,0,8339,2024-11-12
pS-fFdvyHLE,How Much Tape To Stop A Lamborghini?,713066724,13784777,0,19522,2024-11-08
Xj0Jtjg3lHQ,"$1 vs $500,000 Experiences!",260495426,5087410,0,56651,2024-11-02
9UtcHPCEBgg,1 Subscriber = 1 Penny,351869294,16499531,0,24676,2024-10-19
ZNt_GoOBHq8,Human vs Jet Engine,502459208,13155154,0,17052,2024-10-18
bn0Kh9c4Zv4,7 Days Exploring An Underground City,154604646,3603974,0,32664,2024-10-12
dDVFnfCwjHA,Will A Basketball Boat Hold My Weight?,349386761,9756836,0,6445,2024-10-11
Kt2HvqRruHQ,"Find The Real MrBeast, Win $10,000",310642418,9856238,0,7230,2024-10-05
vDrSCXFMAKk,"Spot The Difference, Win $10,000",248508836,8070455,0,5894,2024-09-29
snX5YyflrGw,"100 Identical Twins Fight For $250,000",167806928,3273245,0,27975,2024-09-28
nbzQdlWrcnk,Running With Bigger And Bigger Lunchlys,313976775,8101762,0,10180,2024-09-20
8krJy31Diow,Holding Bigger And Bigger Dogs,297184830,7842140,0,9405,2024-09-16
aRcUVhVlSHg,"Men Vs Women Survive In The Wilderness For $500,000",188548761,4152664,0,50549,2024-09-07
Jo7sfpeWqwE,Will A Guitar Boat Hold My Weight?,747272461,18116682,0,15329,2024-09-05
QtD-CeUdRUQ,"Real Or Cake For $10,000",213008995,7486005,0,16429,2024-08-29
ndAQfTzlVjc,7 Days Stranded In A Cave,157197548,4509396,0,93161,2024-08-17
AydS-vA3qa4,Running With Bigger And Bigger Feastables,414495560,12051438,0,29869,2024-08-16
UPrkC1LdlLY,"Survive 100 Days In Nuclear Bunker, Win $500,000",307986325,6039236,0,86697,2024-08-03
8bTQMDM4qvY,"Spot The Fake Animal For $10,000",576807141,16786192,0,28546,2024-07-19
DBw0oD38z0Q,This Game Is Wild,225291994,6150933,0,12098,2024-07-17
4SNThp0YiU4,"50 YouTubers Fight For $1,000,000",385699643,9447251,0,347084,2024-07-13
XhuisK0bTSA,Pass The Phone To‚Ä¶,253032220,11057193,0,50878,2024-07-11
lkCRPp7cnP8,How Many Balloons Does It Take To Fly?,523988716,20313641,0,51329,2024-07-10
KkCXLABwHP0,I Built 100 Houses And Gave Them Away!,209136699,7726163,0,289557,2024-06-29
PWirijQkH4M,World‚Äôs Deadliest Obstacle Course!,343232401,6581082,0,142391,2024-06-15
U_LlX4t0A9I,"$10,000 Every Day You Survive In The Wilderness",296766848,8397904,0,332618,2024-06-01
T8I165Qxeo8,Sprinting with More and More Money,309288603,11883927,0,85611,2024-05-30
i-9V21MqlhY,Giving 1000 Phones Away,302705001,22118922,0,805587,2024-05-28
YyNz4--6fro,World‚Äôs Smartest Dog,232695342,9903350,0,33782,2024-05-16
f0cXJ6mJxGc,Bottle Head Smashing World Record Attempt!,484067140,12411977,0,49487,2024-05-14
F6PqxbvOCUI,"Protect The Yacht, Keep It!",157436394,4164132,0,80498,2024-05-11
oA4LSZvX4iE,Ages 1-100 Try My Chocolate,260834585,9721748,0,34379,2024-05-09
ZKxnjszkZto,"Spot The Hidden People For $10,000",193290217,6336285,0,11841,2024-05-08
8_gdcaX9Xqk,"Would You Split Or Steal $250,000?",201406885,11283839,0,28432,2024-05-03
snUyLbGx6U4,"Buy Feastables, Win Unlimited Money",357617850,12013570,0,26299,2024-04-30
Pv0iVoSZzN8,In 10 Minutes This Room Will Explode!,156873656,4137817,0,77900,2024-04-27
CWbV3NItSdY,The World's Fastest Cleaners,679143409,26134106,0,42723,2024-04-25
l-nMKJ5J3Uc,"Ages 1 - 100 Decide Who Wins $250,000",286614866,6129963,0,211559,2024-04-20
XE1Qyss8GIY,"Guess The Gift, Keep It",514049401,18807596,0,23754,2024-04-09
6GzHPS0rEgc,"I‚Äôm Giving My 250M Subscriber $25,000",127396692,7892416,0,51679,2024-04-07
imhY0pe-Sd8,"Anything You Touch, You Keep!",245034975,10080069,0,15314,2024-04-02
erLbbextvlY,7 Days Stranded On An Island,387187741,7139392,0,145414,2024-03-30
OnTTThIzuNU,"Keep Track Of Car, Win $10,000",169093413,7799184,0,90454,2024-03-19
mKdjycj-7eE,"Stop This Train, Win a Lamborghini",221719634,5265199,0,124750,2024-03-16
tWYsfOSY9vY,I Survived 7 Days In An Abandoned City,291125995,6471527,0,198761,2024-03-02
sH48lKbayNU,Unboxing My 200M Subscriber Play Button,230938006,14114176,0,50582,2024-02-29
AFXoSFNMwIA,I Filled Chandler‚Äôs Car With Feastables,381019175,13988205,0,26028,2024-02-27
k194wHZHjB0,Most Expensive Hand Model Holds Feastables,523388253,11564747,0,8910,2024-02-24
AjwAdtlRKf8,"Buy Feastables, Win $10,000",402525127,15572483,0,33126,2024-02-18
KOEfDvr4DcQ,"Face Your Biggest Fear To Win $800,000",334867103,6460968,0,224632,2024-02-10
krsBRQbOPQ4,"$1 vs $250,000,000 Private Island!",333893656,5770885,0,101128,2024-01-27
7ESeQBeikKs,"Protect $500,000 Keep It!",180173137,4744350,0,70329,2024-01-13
K_CbgLpvH9E,I Spent 7 Days In Solitary Confinement,249258060,5299560,0,80980,2023-12-30
lOKASgtr6kU,I Adopted 100 Dogs!,330362870,6391422,0,106163,2023-12-23
9RhWXPcKBI8,"Survive 100 Days Trapped with a Stranger, Win $500,000",396085231,6712952,0,94896,2023-12-16
ZVt9ZJfWV1c,"Feeding A Dog $1 vs $10,000 Steak",514803783,15120980,0,29813,2023-12-14
rWBOITBjitE,Could You Walk Up A Skyscraper?,409921719,14737723,0,28101,2023-12-05
tnTPaLOaHz8,"$10,000 Every Day You Survive In A Grocery Store",429568548,7100392,0,84062,2023-12-02
Wdjh81uH6FU,"$1 vs $10,000,000 Job!",272446291,4738891,0,61606,2023-11-25
7dYTw-jAYkY,I Spent 7 Days Buried Alive,265060647,7683714,0,116085,2023-11-18
AjZDwxt7S8w,I Gave Away A House On Halloween,329371828,13450025,0,35787,2023-11-10
aZnqqXaT02g,Giving Car Keys Instead Of Candy On Halloween,359329225,10642730,0,14549,2023-11-09
mwKJfNYwvm8,I Built 100 Wells In Africa,249355739,10341550,0,212955,2023-11-04
l9_8_pDTmis,"Furthest Away From Me Wins $10,000",631478054,21281334,0,38091,2023-11-02
n7x4Jj9pdH8,World‚Äôs Most Expensive Bed,484491912,20884610,0,35566,2023-10-31
QjvpjXdgugA,World‚Äôs Deadliest Laser Maze!,274868601,4757853,0,82816,2023-10-28
jGAJCAuV3pQ,World‚Äôs Most Expensive Coffee,261858586,11179407,0,27811,2023-10-19
c0v8OPItCOg,"$100,000,000 Bathroom",333961180,12394079,0,22213,2023-10-17
SHOV58tdNiI,Miranda Cosgrove Said What?,254585721,12154050,0,60836,2023-10-15
3ryID_SwU5E,"$1 vs $100,000,000 House!",360884255,6214224,0,132252,2023-10-14
IemzxkkzI5s,I Tipped A Pizza Delivery Driver A Car,623451623,25966277,0,33617,2023-10-12
3OFj6l2tQ9s,World's Most Dangerous Trap!,309584555,6619340,0,149620,2023-10-07
bvlFjrcpD6s,I NEED 1 MORE ùó¶ùó®ùóïùó¶ùóñùó•ùóúùóïùóòùó•,415657228,27759597,0,78774,2023-10-05
AZlBZuS4hr0,"Guess The Gift, Keep It",864283315,25051731,0,20692,2023-10-03
Gx6VeIIbWwM,"Spot The Hidden People For $10,000",716305355,21614689,0,29180,2023-09-28
CAOY8EKH1qU,I Paid A Random Student‚Äôs College Tuition,456255253,24242094,0,56339,2023-09-26
IQxea9UB1nQ,"$100,000,000 Car Doors",1159324038,28855116,0,37768,2023-09-19
KrLj6nc516A,"$1 vs $100,000,000 Car!",464596942,7713368,0,152414,2023-09-16
zgLhCT7aFCA,Extreme Home Makeover!,376267840,19380879,0,44845,2023-09-12
L5kIXRdwGAI,Katana Vs Bullet,1057892322,37266748,0,49791,2023-09-07
19NmWqv4Alk,How Many School Buses Can We Stack?,480032017,15351019,0,28403,2023-09-05
vBpQ1SlfVtU,Lamborghini Vs World's Largest Shredder,242806833,5649491,0,142756,2023-09-02
SGzWIoLAzmY,"Feeding A Cat $10 Vs $10,000 Sushi",362296126,13586236,0,29140,2023-08-31
NnNZLCl78Ao,"Make This Kick, Win Super Bowl Tickets",137376888,5184052,0,8924,2023-08-25
NTZhwAldqwg,Metal Pipe Vs School Bus,509664803,13765602,0,28366,2023-08-22
J_z-W4UVHkw,"Every Country On Earth Fights For $250,000!",240268746,6377167,0,368624,2023-08-19
mKIhHNznt4s,Can You Beat A Girl In Arm Wrestling?,538770142,20744580,0,37785,2023-08-17
jObOjhUkf50,"$1 vs $250,000 Vacation!",362877166,6581305,0,107233,2023-08-12
O3YVBJ2n5xg,I Ate The World‚Äôs Most Poisonous Fish,470729159,21473823,0,39330,2023-08-08
yhB3BgJyGl8,7 Days Stranded At Sea,377626299,8090859,0,125322,2023-08-05
CP82DAKzL1U,I Traded My Car At a Red Light,644483544,26211755,0,39385,2023-07-15
fuhE6PYnRMc,Train Vs Giant Pit,272247374,6531720,0,129577,2023-07-08
stUofW3whpE,I Buried Treasure in the Bermuda Triangle,477394870,25229973,0,35472,2023-07-06
48h57PspBec,"$1 vs $1,000,000,000 Yacht!",480355689,8044005,0,160490,2023-06-10
ooAwCOP67GQ,Do Pawnshops Scam You?,392468000,16064800,0,24703,2023-06-03
FM7Z-Xq8Drc,"Ages 1 - 100 Fight For $500,000",433532295,6685876,0,118340,2023-05-28
ykRq_rp7NhM,I Got Naruto to Subscribe to Me,306297082,13258927,0,23968,2023-05-21
9fNNhWH-P2E,I Made An Egg Sandwich With @BayashiTV_,272017040,12087096,0,40158,2023-05-13
WTOm65IZneg,"1,000 Deaf People Hear For The First Time",197561499,5471894,0,152968,2023-05-07
8kggT2ej-lo,Would You Pet a Cheetah in Africa?,834751078,28032354,0,39232,2023-05-02
GGBy50KtvRk,Tipping A Waitress A Car,630250684,28300651,0,62776,2023-04-23
Y4-gFIfGXiQ,Would you go on a Blind Date in Italy?,533826000,23646510,0,28083,2023-04-16
1WEAJ-DFkHE,World's Most Expensive Flights!,501427233,8678659,0,170680,2023-04-02
Y0cBiGUuB1Y,I Sent a Subscriber to Disneyland,625541037,29888749,0,80785,2023-03-31
YLt73w6criQ,I Paid A Real Assassin To Try To Kill Me,315569395,6352163,0,104526,2023-03-19
NPYPXWJBTWM,"$10,000 Girl Scout Cookies",599300218,13573741,0,18282,2023-03-11
lglIQkCHO0g,Do Men Lie About Their Height?,524465894,21083328,0,28049,2023-02-15
TJ2ifmkGGus,"1,000 Blind People See For The First Time",206124419,10393971,0,381282,2023-01-29
7IKab3HcfFk,I Survived 50 Hours In Antarctica,238888143,5738070,0,142707,2022-12-25
h5NvTTOlOtI,Hydraulic Press Vs Lamborghini,257229500,5771499,0,124873,2022-12-11
se50viFJ0AQ,Would You Fly To Paris For A Baguette?,1591316367,56669675,0,117519,2022-12-09
0CTp1a-aCUM,"100 Kids Vs 100 Adults For $500,000",313092726,4848431,0,92453,2022-12-04
FD-0KG-h2-c,Gordon Ramsay Tries Most Expensive Chocolate Bar!,770071266,29935699,0,49959,2022-11-20
kX3nB4PpJko,"Last To Take Hand Off Jet, Keeps It!",235488517,4890461,0,100094,2022-11-13
YlvcFJOE-OE,Giving iPhones Instead Of Candy on Halloween,1541070349,40271915,0,137350,2022-11-03
iogcY_4xGjo,"$1 vs $1,000,000 Hotel Room!",406377532,7414076,0,114157,2022-10-23
S_CUEOBZ0P4,"The Rock Vs MrBeast For $100,000",679269649,35754653,0,77003,2022-10-22
gHzuabZUd6c,"Survive 100 Days In Circle, Win $500,000",370805501,6235432,0,100063,2022-09-25
65fN_OUawjk,I Hunted 100 People!,243301384,3963493,0,65046,2022-09-04
jdMNoQE3mIQ,I Survived A Plane Crash,219265834,4222148,0,73871,2022-08-21
2isYuQZMbdU,"I Gave My 100,000,000th Subscriber An Island",243721328,7083864,0,225726,2022-08-05
tVWWp1PqDus,"100 Boys Vs 100 Girls For $500,000",271246164,4969068,0,136934,2022-07-24
vaIgyRoUkQI,I Didn‚Äôt Eat Food For 30 Days,123516212,4254112,0,106015,2022-07-03
Hwybp38GnZw,I Built Willy Wonka's Chocolate Factory!,353800370,6881879,0,156202,2022-06-05
hD1YtmKXNb4,"$10,000 Every Day You Survive Prison",239610316,5602660,0,128245,2022-04-10
LnlKwzc_TNA,"Would You Swim With Sharks For $100,000?",203740145,4183356,0,87249,2022-03-20
3jS_yEK8qVI,World‚Äôs Most Dangerous Escape Room!,286109683,5582244,0,130719,2022-01-30
00NgUctWoLQ,"Extreme $1,000,000 Hide And Seek",109279726,3659945,0,117681,2021-12-19
x9TQ6culXIA,"World's Biggest YouTubers Fight for $1,000,000",102178528,3144682,0,84301,2021-12-17
QbJJwaVdgIs,I Got Hunted By The Military,249502097,4800810,0,93000,2021-12-11
0e3GPea1Tyg,"$456,000 Squid Game In Real Life!",852237072,19586499,0,633243,2021-11-25
cV2gBU6hKfY,I Cleaned The World‚Äôs Dirtiest Beach #TeamSeas,131904057,5613245,0,167064,2021-10-30
qIsgdOVGA04,"Last To Take Hand Off Lamborghini, Keeps It",195563463,4802093,0,126654,2021-10-24
cExLQ1o2pDw,"First To Rob Bank Wins $100,000",206742058,4537108,0,117688,2021-09-27
uocETPj4Jx4,"Extreme $500,000 Game Of Tag!",220852178,4765725,0,97387,2021-09-05
zxYjTTXc-J8,"Last To Leave Circle Wins $500,000",526114867,7726566,0,127317,2021-09-01
hxwpkM5w3Cc,I Got Hunted By The FBI,251568336,4813680,0,94167,2021-08-08
ktyJIj6i4Qw,"If You Can Carry $1,000,000 You Keep It!",248018899,3904613,0,78343,2021-07-25
urtFrxDUV6c,"Would YOU Quit School For $100,000?",185533516,3677087,0,82631,2021-07-11
nM89Wl03Q4g,I Survived 50 Hours In A Maximum Security Prison,285885959,4418419,0,98768,2021-06-27
NZlClr_ivb4,"Hit The Target, Win $300,000",205870480,3774437,0,80470,2021-06-13
E6E22XQPhhg,Anything You Can Fit In The Triangle I‚Äôll Pay For,256470944,3631001,0,82238,2021-06-02
TQHEJj68Jew,I Got Hunted By A Real Bounty Hunter,230749873,4353202,0,120776,2021-04-25
WcwGleN38zE,"Extreme $100,000 Game of Tag!",263698065,3985423,0,116523,2021-04-18
fMfipiV_17o,"Would You Sit In Snakes For $10,000?",365263328,5734121,0,139922,2021-04-11
ayXxwJJId_c,"I Bought The World's Largest Mystery Box! ($500,000)",283616995,5496666,0,174204,2021-04-04
9bqk6ZUsKyA,I Spent 50 Hours Buried Alive,333439826,8343854,0,243394,2021-03-28
DuQbOQwVaNE,"Offering People $100,000 To Quit Their Job",165733012,3527194,0,111526,2021-03-14
vJH28ICkCdU,I Sold My House For $1,176967765,4002801,0,114501,2021-03-07
_uwNDiU04zE,"I Donated $300,000 To People In Need",56133939,3016500,0,143474,2021-02-14
C680oxL__ck,"I Ate $100,000 Golden Ice Cream",292287456,6106058,0,172255,2021-01-23
5Fg9oZk-5uA,I Bought Everything In 5 Stores,194663511,5646443,0,188624,2021-01-10
PKtnafFtfEo,"Youtube Rewind 2020, Thank God It's Over",72983571,5039130,0,274424,2021-01-02
f0c7pSCoZqE,"I Put 1,000,000,000 Christmas Lights On A House (World Record)",130090064,2995156,0,105990,2020-12-24
dg2Ag3e8W-Q,I Opened A Restaurant That Pays You To Eat At It,198130885,5160939,0,726412,2020-12-20
LeYsRMZFUq0,"I Gave People $1,000,000 But ONLY 1 Minute To Spend It!",231058063,6979707,0,184093,2020-12-16
Dc2ZRmuH5OM,"Steal This $100,000 Diamond, You Keep It",226601963,3694449,0,92510,2020-11-29
GLoeAJUcz38,"Press This Button To Win $100,000!",347131681,4800003,0,91736,2020-11-15
SZQhgExjBvQ,I Survived 24 Hours Straight In Ice,179028833,4245016,0,193149,2020-10-30
IoZri9hq7z4,I Uber‚Äôd People And Let Them Keep The Car,148270041,4181093,0,85187,2020-10-25
vp5sSqyZ5Go,I Filled My Brother‚Äôs House With Slime & Bought Him A New One,254329490,4101854,0,115804,2020-10-11
AKJfakEsgy0,Hi Me In 5 Years,143175763,7266091,0,255562,2020-10-05
Vl3swga-Xrk,"Would You Rather Have A Giant Diamond or $100,000?",198089053,3060442,0,71516,2020-09-27
UE5AHE2Ypr8,"I Gave My 40,000,000th Subscriber 40 Cars",204585752,4819388,0,184291,2020-09-20
Dx0Da_Y2fBg,I Am The World‚Äôs Greatest Samurai,477501664,14392562,0,64582,2020-09-18
TDiXxsQ0w2Q,Why I Haven‚Äôt Been Uploading,59122532,2796052,0,94550,2020-09-18
oD155zWANQg,"Get This Random Person 1,000,000 Subscribers",87073316,2651516,0,119904,2020-09-06
s1ax8Tx_Jz0,Would YOU Rather Have A Lamborghini or This House?,227029468,4135324,0,150715,2020-08-23
NkE0AMGzpJY,"Last To Leave $800,000 Island Keeps It",287117070,5853500,0,224243,2020-08-16
FbM1yi4mMMc,I Bought A Private Island,180895960,3988816,0,127144,2020-08-14
5V2B28OqfqM,"I Spent $1,000,000 On Lottery Tickets and WON",147259853,3383862,0,84565,2020-08-09
Rj_vssRaZlQ,I Ate The World‚Äôs Largest Slice Of Pizza,308455628,4784929,0,135972,2020-08-02
YQDDm9HLkV4,I Adopted EVERY Dog In A Dog Shelter,269187500,5013975,0,207908,2020-07-24
erQ_9yEz0ls,"I Bought The World's Largest Firework ($600,000)",248335558,5412296,0,180395,2020-07-04
OAbP-V6fEVc,I Broke Into A House,204412931,3939276,0,197535,2020-06-26
_qAJMXfL6o0,"Would You Rather Have $100,000 OR This Mystery Key?",264249940,4180571,0,120769,2020-06-14
59AYXzCa-Cs,I Built The World's Largest Lego Tower,207756282,3604103,0,76551,2020-06-07
r7zJ8srwwjk,I Spent 50 Hours In Solitary Confinement,334721790,5087333,0,116829,2020-05-31
YSoJPA8-oHc,If You Click This Video I'll Give My Friend .001$,224690169,7529247,0,167991,2020-05-24
5Hg_QSIJm8I,"I Gave $200,000 To People Who Lost Their Jobs (Corona Virus)",47283475,1408978,0,63562,2020-05-08
gsWPpE4Rid0,Videos I Could Not Upload...,172412019,4128363,0,65597,2020-05-01
HBMmK1c44sE,I Spent 24 Hours In A Doomsday Bunker,226282839,3429717,0,79412,2020-04-12
oBYbxw8f5OI,"Giving $1,000,000 Of Food To People In Need",67761526,1956888,0,65032,2020-03-28
AiGKBNGlzHo,I Ran A Marathon In The World's Largest Shoes,186294585,3538362,0,70598,2020-03-22
_mdKvblL_8s,"$70,000 Extreme Hide And Seek - Challenge",158615641,2803882,0,67090,2020-03-14
yXWw0_UfSFg,Anything You Can Fit In The Circle I‚Äôll Pay For,322919882,5296453,0,113100,2020-03-08
F4Y3Pkn95GI,"I Ate A $70,000 Golden Pizza",276803358,4485218,0,110547,2020-03-01
KSKJKLmAqpI,"Lamborghini Race, Winner Keeps Lamborghini",149304919,2754566,0,55026,2020-02-09
IYVjOfoU3uI,I Gave My Credit Card To Random People,198620622,4112338,0,97280,2020-02-02
oI6aXhowFDY,I Went Back To Boy Scouts For A Day,129364253,2315137,0,45868,2020-01-26
LdMx2U5tby0,"$60,000 Extreme Hide And Seek - Challenge",173277922,2962734,0,50419,2020-01-18
fY-LA3YaZ_M,"How I Gained 15,000,000 Subscribers In 1 Year",19701015,898776,0,39770,2020-01-04
0hVZOJCYBBM,Important Youtube Announcement (please watch),38966392,2426754,0,125650,2019-12-29
Z9WQy9jEY8M,"Giving 10,000 Presents To Kids For Christmas",81440686,3153741,0,170891,2019-12-24
bs0SWXbty18,"Spending $1,000,000 In 24 Hours",203857943,4832491,0,126721,2019-12-22
yeqARWqjkps,"Last To Take Hand Off $1,000,000 Keeps It",145859803,3451755,0,296338,2019-12-20
wMuYiLby3-s,"Last To Stop Riding Bike Wins $1,000,000 (Part 4)",68065967,1505401,0,91755,2019-12-15
NbaWrbJDr48,"Last To Leave Toilet Wins $1,000,000 (Part 3)",103642109,1964073,0,48803,2019-12-08
sfv1QaRzJg8,I Ordered Pizza And Tipped The House,154039780,4380252,0,105250,2019-12-06
RwnN2FVaHmw,"Last to Stop Swinging Wins $1,000,000 (Part 2)",145825658,2380334,0,80966,2019-12-01
X1jMMFOqxEw,"$50,000 Game Of Extreme Hide And Seek - Challenge",166595234,3117068,0,51250,2019-11-29
ORUX1lHbOa8,I Opened A FREE BANK,127038742,3037883,0,94082,2019-11-24
LU_xVr4b2qM,"Going Around A Ferris Wheel 1,000 Times Straight",130499098,2613089,0,49774,2019-11-17
tQ4m4zD7BBA,"Last To Fall Wins $1,000,000 (Part 1)",167580751,3169419,0,56724,2019-11-15
D9lVNzyhYnc,Surviving 24 Hours Straight In The Bermuda Triangle,260678540,4447236,0,99657,2019-11-10
jokVbbLqV_E,"I Spent $100,000 On Lottery Tickets And Won!",57841583,1434465,0,29839,2019-11-01
HPJKxAhLw5I,"Planting 20,000,000 Trees, My Biggest Project Ever!",115900104,4545732,0,160778,2019-10-26
Ims5p6wjW9s,"Last To Take Hand Off Boat, Keeps It",135232006,2153428,0,57163,2019-10-20
anFxsa5jXrE,"I Searched 100 Dumpsters, Here's What I Found",227731062,3179878,0,57134,2019-10-13
QxGVgXf_LNk,"Going Through The Same Drive Thru 1,000 Times",305582562,5194828,0,131423,2019-10-06
al6130OD1Ck,"Donating $100,000 To Random Streamers",66324724,1903278,0,42433,2019-09-29
d1010B3sKNQ,Surviving 24 Hours Straight In A Rain Forest,143039459,2705960,0,72899,2019-09-22
NS3hse9ezik,"Last To Leave Ramen Noodle Pool Wins $20,000",77486710,1600736,0,43734,2019-09-14
npDey6_9YRs,"Anything You Can Carry, I'll Pay For #2",89790218,1737501,0,34634,2019-09-07
0NGWT9COcEI,"I Gave My Brother 24 Hours To Spend $100,000",106669131,2575487,0,56533,2019-09-01
3LLnjRLrvLU,I Opened A Free Car Dealership,150352567,3529138,0,137170,2019-08-30
bTrV5v7GLcQ,"Last To Leave Pool Of $20,000 Keeps It",185646771,3358340,0,81910,2019-08-25
lBYC4_Lccjw,Surviving 24 Hours On A Deserted Island,208999694,3647400,0,79920,2019-08-23
gL6iSCSHjco,"Last To Leave Roller Coaster Wins $20,000 - Challenge",165506797,3062632,0,66583,2019-08-18
UQtltNZ_pjs,I Won Every Prize At A Theme Park,186038114,3030876,0,67781,2019-08-16
0DaMUhgcAqo,Destroying My Friend's Car And Surprising Him With A New One,114336780,2860882,0,61144,2019-08-11
TOcGSwJBPMQ,I Spent 24 Hours Straight At Area 51,184561493,3947247,0,99197,2019-08-03
ws694xrKopA,"Can 50,000 Magnets Catch A Cannon Ball?",134198269,2218076,0,46343,2019-07-21
UtnsWzaoRtg,World's Largest Game Of Dodgeball,92997621,1714798,0,57064,2019-07-13
6wsFjjhZPJI,"Last To Leave Revolving Door Wins $50,000",167993658,3696387,0,180177,2019-07-03
Rmf6T_Ewt38,Tipping Waitresses With Real Gold Bars,70660291,1825464,0,83936,2019-06-22
n6qc4LHN2KQ,I Opened The World's First FREE Store,96238569,2380884,0,75899,2019-06-16
2eFSU7TFOnk,Spending 24 Hours On Top Of A Mountain,225057652,4043353,0,116000,2019-06-14
RCvnytndd9c,"Last To Leave VR Wins $20,000",168390785,3293828,0,93968,2019-06-09
AA-VpIj8F5Y,"Last To Stop Running Wins $20,000",122369222,2384080,0,65875,2019-06-07
fWcSBWadolA,"Paying People $10,000 To Eat Ghost Pepper",40868196,1120040,0,34688,2019-06-02
YyhKdOCwD7s,24 Hours In The Most Haunted Place On Earth,150925543,3130404,0,139688,2019-05-31
ha4tRQwKIUg,I Bought Everything In A Store - Challenge,163769871,4341868,0,180648,2019-05-19
xRwy_rKc7gI,World's Largest Bowl Of Cereal,251763866,3428327,0,86539,2019-05-16
H1WBdh56Vq4,Spending 24 Hours In A City With No Laws,183694167,2994516,0,67314,2019-05-08
xhIYirjB4Yc,"Giving $10,000 To Random People And Saying Nothing",83319474,1859600,0,49746,2019-05-01
HfJMs4mrSJM,Molten Lava Vs Giant Ice Block Experiment,100187602,1860088,0,41155,2019-04-28
tYHTVjfShOA,"Anything You Can Carry, I'll Pay For Challenge",93113944,1789803,0,90583,2019-04-21
JTQcIR2ZxU4,Homeless Man Buys A Lamborghini,197324070,4316201,0,80316,2019-04-19
xpNeg0hPZIs,Playing Battleship With Real Ships,38457134,1014497,0,34499,2019-04-07
9yrdFAJUSaU,"Donating $100,000 To Shroud In Real Life",32362221,876904,0,19889,2019-04-05
i2O6GMpNWGo,"Last To Leave The Tesla, Keeps It Challenge",120043631,2075391,0,44643,2019-03-30
Y6jC6VaO3j0,"Donating $100,000 To Streamers With 0 Viewers",106477074,3499043,0,75147,2019-03-25
Ooke4YZv8Ts,Surviving 24 Hours Straight In A Desert,181050312,3364743,0,96508,2019-03-17
ZV7rU6lnAKQ,"$200,000 Youtuber Battle Royale",56287948,1740740,0,142425,2019-03-13
iUzi5JmJNWc,Surprising Strangers With 100 Zombies - Experiment,61389724,1795224,0,55491,2019-03-04
9cCpZl8euLI,I Gave A Homeless Man A Home,85440661,2220721,0,111370,2019-03-01
I046_n20d3s,Standing Still For 24 Hours Straight - Statue Challenge,124399612,2044227,0,36643,2019-02-23
2nd73lyvq4w,Giant Monopoly Game With Real Money,133483316,2480570,0,68076,2019-02-16
nuM0Z4a7kMs,I Spent 24 Hours Straight In Insane Asylum,122951492,2356611,0,133688,2019-02-11
qPBtTPJHS0Q,I Advertised Pewdiepie At The Super Bowl,45188804,1249650,0,64232,2019-02-05
A-vX1AGBGsc,I Went Back To 1st Grade For A Day,226808185,3505746,0,142095,2019-02-01
IiW2smvEcBM,I Opened The World‚Äôs Cheapest Store,41667698,1146566,0,82583,2019-01-27
q6Qw8mUVTrE,I Put 10 Million Legos in Friend's House,115601070,1715574,0,62406,2019-01-19
dBxOYE2j55U,Make This Video The Most Liked Video On Youtube,154855939,30314258,0,310446,2019-01-17
984NGLLYDUg,"20,000 Magnets Vs A Car",34410501,771266,0,23470,2019-01-15
7zi0bi-RDj4,"Eating A $10,000 Golden Steak (24k Gold)",160039267,2433551,0,89278,2019-01-12
XaxhLbxZ13k,Last To Take Hand Off House Keeps It!,99814749,1674668,0,44267,2019-01-09
L8nh1wuXTbI,"I Gave Him One Hour To Spend $100,000!",82662166,1642682,0,68314,2019-01-02
9-HphHIJS9c,"How I Gave Away $1,000,000",14556175,489699,0,33716,2018-12-26
rPXmbM2UEbU,"Giving $100,000 To A Homeless Person",31537062,1026303,0,70095,2018-12-24
sESRuTyfsEk,I Spent 24 Hours Straight In Prison - Challenge,118895296,2113542,0,74144,2018-12-20
QapO3maXd9k,Donating $10000 To Pewdiepie,47363183,1731673,0,49212,2018-12-17
71VpdDb8e6U,"Last Youtuber To Leave Wins $100,000 - Challenge",105917162,2163712,0,95100,2018-12-13
Su34c5Z8DW4,I Put Millions Of Pennies In My Friends Backyard,186629260,2842363,0,64267,2018-12-09
e5DqdX-7_g4,Surprising TFue With A Fortnite Battle Bus In Real Life,102948777,1894246,0,63135,2018-12-08
9vB-48kHbBU,I Built A Giant House Using Only Legos,65163907,1039540,0,48758,2018-12-03
3ix_gbcubTo,"Last To Leave Slime Pit Wins $20,000 - Challenge",148843008,2406252,0,73138,2018-12-01
mGIpOtncmSM,"Saying Pewdiepie 100,000 Times",26598300,1692835,0,166999,2018-11-26
VqnQ-0q2gb4,Destroyed Friend's House And Bought Him A New One,43850790,1132209,0,68000,2018-11-25
3TflpIllQHY,I Put 100 Million Orbeez In My Friend's Backyard,240564041,5324866,0,138442,2018-11-23
1SwVSTKFCsc,"Spending $40,000 In One Hour Challenge",44844225,933400,0,54538,2018-11-18
ZPuEUe_8SRM,"Giving My 10,000,000th Subscriber 10,000,000 ___",29846038,816620,0,32160,2018-11-14
gKVZz4kcuns,"$10,000 Games Of Rock Paper Scissors",18618212,513526,0,25058,2018-11-05
nywT2SenPIo,"Last To Remove Hand, Gets Lamborghini Challenge",96545438,1713046,0,73686,2018-11-03
xBP9EUQIkNs,"You Pick The Right Cup, You Win $100,000!",36290495,976619,0,35398,2018-10-29
qZNxvnQv0h4,I Bought Every Billboard In My City For This,38819901,1318213,0,105513,2018-10-27
uE6gud1voDs,"Ordering Water Then Tipping $30,000",45351376,1197265,0,46334,2018-10-24
f0M64XpmTz8,"I Spent $50,000 On Lottery Tickets And Won ____",31359112,747507,0,33356,2018-10-20
Gz3yak1cl-8,"Last To Leave Circle Wins $10,000 - Challenge",97648863,1669156,0,59103,2018-10-13
9GD6hbqu2oM,I Spent 24 Hours Straight In Slime,43943608,939053,0,33079,2018-10-10
GUWGsIVEMSQ,"Surprising Tfue With $10,000 Live - Fortnite",74877036,1536901,0,47017,2018-10-05
wDqJZ_2ZA3A,"I Spent $30,000 On Lottery Tickets And Won ____",17346424,426488,0,21651,2018-09-29
RywkkwO78m8,Flat Earth PROVEN By Independent Research,28617450,795111,0,133506,2018-09-23
P4qWhSZ7_WA,Things That SHOULDN'T Be Sold On Amazon,152308234,2309736,0,55723,2018-09-22
UlUcwJc5nBs,"Surprising My 8,000,000th Subscriber With 8,000,000 ___",37355295,585575,0,18464,2018-09-20
qAW6CE7_bFM,"I Donated $25,000 To Random Kids Streaming Fortnite",65404682,1316060,0,39225,2018-09-15
tBEBc4KQVsU,I Hope This Magic Trick Works,43648165,720062,0,18851,2018-09-12
q0OK-zHnvnA,Can A Glowing 1000 Degree Sword Slice A Car In Half?,69963254,1143004,0,37779,2018-09-07
bFZdU9dr4OM,Rocket League In Real Life!,28796778,543147,0,16151,2018-09-02
nd-bwvNB7YA,Destroying My Friend's Car And Surprising Him With A New One - Slime,121009523,2492034,0,67024,2018-08-29
6_im_hGxGRk,Spending 24 Hours Straight Under Water Challenge,145075464,3578843,0,105686,2018-08-25
b91vrgVY-ZQ,"Attempting The Impossible Maze - $10,000 Challenge",57054642,1012783,0,32256,2018-08-16
52ubXjlVzUY,"Donating $100,000 To A Random Fortnite Streamer",53365209,1112747,0,50405,2018-08-06
XHb7g6yuGgE,Moving 10 Pounds Using ONLY Sound,45767587,1213373,0,49802,2018-08-03
rH1D_3G56DY,Returning Destroyed Rental Cars Prank,37341399,621791,0,17375,2018-07-28
-0zoWMSEOGg,"I Gave My 6,000,000th Subscriber 6,000,000 ____",17731045,395316,0,32117,2018-07-26
WRzIuC2MKOU,"Can 1,000 Fans At Max Speed Push A Car?",28806760,622088,0,36678,2018-07-18
foLlul8Tl3E,"I Donated $50,000 To Ninja - Fortnite",98386608,2149122,0,59522,2018-07-15
3iaDrpKdaIc,I Ubered Random People In A Tank,30201285,866187,0,43192,2018-07-12
qrIh-ZHN4-E,World's Hottest Substance Vs Coldest Substance,96419125,1778497,0,53796,2018-07-01
mpZWt5pGKZ8,The Real Way Dinosaurs Went Extinct,29385746,803312,0,43455,2018-06-29
vbph9F_pRNI,I Donated $1000 Every Time She Blinked - Fortnite Streamers,21857354,640994,0,24536,2018-06-25
XE9pUM9MEFA,I Built A Working Car Using Only LEGOS,75261522,1655142,0,99167,2018-06-24
wbzD04leeLI,Do Water Repellent Shoes Actually Work?,131825176,2000858,0,63965,2018-06-23
MC5h-ShR-S8,"We Drove 3,000 Miles For The World's Best Burger",54826129,1224593,0,93942,2018-06-10
dp8IaLrZpGs,"I Gave My 5,000,000th Subscriber 5,000,000 ______",11346672,293379,0,18987,2018-06-09
97Gh93Daio0,I Made Money Grow On Trees,17368332,432341,0,36045,2018-06-02
t4OumncEiKo,I Took Apart My Friends Car And Put It In His Room,15898185,316382,0,12105,2018-05-26
Ejou8aa5eZk,How Many Rubber Bands Does It Take To Snap A Safe?,37376097,915457,0,44165,2018-05-23
ehEuczQUh8E,Pulling Cars Over Using A Toy Police Car,24761021,544549,0,18487,2018-05-14
uBC7805Smsg,"I Gave $500,000 To Random People",15209899,453638,0,30622,2018-05-12
d8pJkuSp1iI,How Many Toy Cars Does It Take To Pull A Real Car?,41324682,763532,0,26774,2018-05-05
dFr5YQaQQdo,"I Gave $20,000 To People From An Ice Cream Truck",14798146,347877,0,20995,2018-05-03
xBLxMfO3pDw,$10000 Ice Sculpture Vs Flame,23904700,505088,0,29621,2018-05-02
d7QmQtNwhcU,"Can 1,000 Rolls Of Duct Tape Stop A Car??",26978761,547842,0,24376,2018-05-01
NZR4WEjpOQg,Winning A Game Of Fortnite In The Middle Of The Ocean,31491247,783313,0,46892,2018-04-26
vETSAZgfDP4,I Flew Using Only Balloons AND Leaf Blowers,32812020,654621,0,44471,2018-04-24
zE3FLbpu9-Q,"I Donated $40,000 To A Random Twitch Fortnite Streamer (world record)",24574051,631508,0,29009,2018-04-22
Izmibu7dxcs,Destroying My Friend's Car And Surprising Him With A New One,39213395,628062,0,35562,2018-04-14
2Pvt8awds44,Walking Up To Random People With 100 StormTroopers,20060466,503425,0,38229,2018-04-12
n9BbAfbsyj0,"I Donated $10,000 If They Said This Word (Twitch Streamers)",20122182,555560,0,21827,2018-04-05
WZ2rYlVxt4g,"Giving My 4,000,000th Subscriber 4,000,000 Cookies",13379832,343124,0,24135,2018-04-03
CWK6an4mYL0,"I Tipped Waitresses $20,000",14971087,355815,0,19534,2018-03-31
VwWV4JelEzY,Walking Into Random Stores With 100 Dinosaurs,33638997,896639,0,44344,2018-03-23
koRKIlRQj4g,I Built A Mansion Using Only Cardboard Boxes,25870202,575682,0,23309,2018-03-21
XKFKPQHdWRI,Breaking Glass Using Only Megaphones,54331962,1408159,0,74546,2018-03-18
yuGEB4ZZdUQ,Tying My Shoes In Every State (World Record),18141434,454341,0,41157,2018-03-17
sg_XFT4K3N4,"I Dropped $20,000 From A Drone",7825139,249200,0,17064,2018-03-08
szt8xabJoSo,"Donating $10,000 To Fortnite Streamers If They Win",11375172,273916,0,15689,2018-03-04
Fbl3E_XCQfA,Trying To Fly Using Only Leaf Blowers,18428008,429298,0,28540,2018-03-02
Pe3pGsCeYXg,"Giving 3,000,000 Pennies To My 3,000,000th Subscriber",8846739,235568,0,21846,2018-02-23
yzGmnjDFuZE,"I Donated $30,000 To My Favorite Twitch Streamer (ninja)",36780551,859977,0,38473,2018-02-22
op0N7axawJA,"I Gave $20,000 To Random Homeless People",47696995,1311813,0,72531,2018-02-17
l_huIWJBhJM,I Bought An Expensive Car Using Only $1 Bills,37637248,1078670,0,35146,2018-02-14
7ALCsEyn3mg,I Bought The World's Most Expensive Apps ($10k),27096920,762683,0,24822,2018-02-09
CvMRiR4k49Y,We Delivered 100 Pizzas To Random Houses,9203219,228459,0,10933,2018-02-03
g2rbhIB-ITM,"I Donated $30,000 To A Random Twitch Streamer (world record)",32890867,1054226,0,54621,2018-01-28
nLpqZEAFnkE,I Bought A Car Using Only Pennies,26578250,720471,0,38414,2018-01-26
sirrTXiPFmw,I Bought One Snickers Bar From Every Walmart,45015490,1122288,0,69582,2018-01-14
nRkwuTOESCc,Donating Big Donations To Twitch Streamers!!!,27745720,581111,0,36192,2018-01-12
AS6WMS_Bemg,I Can't Believe I Found This Stuff On Amazon..,31277513,1193783,0,23679,2017-12-23
wMn8d7IeCYM,"Saying ""Keep Net Neutrality"" For 10 Hours",2397033,84274,0,9755,2017-12-18
BMZP4CtphaU,Life Hacks You Need To Know,7395148,202128,0,10679,2017-12-09
ln9aLVd__8w,"Can 100,000 Pieces Of Paper Stop A Bullet?",26008223,482405,0,56139,2017-12-07
93s1JECSy60,"Giving My Mom $100,000 (Proudest Day Of My Life)",31999991,1534793,0,43413,2017-12-03
YR6Wh2Zy9jE,"2,256 Miles In One Uber Ride (World Record)",43537254,1110065,0,42441,2017-10-29
5PCxQSMOl3o,i'm really sorry,5937191,205431,0,10073,2017-10-27
5qzAVMe_SnM,Hi Me In Two Years (Made Two Years Ago),13729185,600964,0,38315,2017-10-05
zAAXW7ySu1k,"Tipping Uber Drivers $10,000",4658795,128062,0,7996,2017-08-31
sx5k8xd_VoU,Going To The Connor McGregor fight!,6112793,230025,0,11113,2017-08-29
uotb9ZHnI2g,"Tipping Pizza Delivery Guys $10,000",23125238,701167,0,39899,2017-08-24
nPlqRbVFBHI,"Microwaving my iPhone, what happens next might shock you..",2785515,123706,0,8514,2017-08-21
_FX6rml2Yjs,"Saying Logan Paul 100,000 Times",23564810,930906,0,108927,2017-08-19
kupaqq-xJ_8,"Donating $10,000 To Random Twitch Streamers",10861617,226704,0,17640,2017-08-16
Er6QUQZbv0w,Breaking The Law,32173975,834571,0,33519,2017-07-10
4KVmSG6KS2k,"Giving Homeless People $1,000 (Not Clickbait)",6637388,229170,0,18865,2017-06-29
Lx9fRu5ehFo,We Are Better Than Dude Perfect,27440641,668268,0,37599,2017-06-25
KcsRxHwGz7A,Every Challenge I've Ever Done,946783,29801,0,4533,2017-06-24
ZJwX2jTXWwQ,Watching It's Everyday Bro For 10 Hours Straight,28271917,822127,0,69617,2017-06-18
N_GMakKf7G4,"Giving A Random Homeless Man $10,000",11281560,562670,0,33630,2017-06-16
63gyUQ_JeOE,Toothpaste Life Hacks YOU SHOULD KNOW,19776505,499775,0,15110,2017-06-14
IZVbzNRUlQI,"Reading The Longest English Word (190,000 Characters)",35694625,820461,0,57523,2017-06-03
8D3vI1615K4,Fidget Spinner Vs Face (Legit Had To Get Stitches),43920202,1664147,0,86366,2017-05-03
igVcy5dtN80,Grilling A Microwave Microwaving A Microwave Microwaving A Toaster Toasting An Iphone Watching Micro,2132544,72339,0,4966,2017-03-31
dEOlvTqYUNo,#1 MOST INSANE MAGNET LIFE HACK EVER,26293422,522501,0,17975,2017-03-25
AS5CxLCWq-Q,Watching Dance Till You're Dead For 10 Hours,54622449,2621097,0,0,2017-03-22
jtOalDNVrKM,I Can't Break My Strange Addiction,1944217,95720,0,8843,2017-03-20
dDYP56hEYF0,OMG! INSANE CUP FORT,4151654,96447,0,9265,2017-03-15
pJSbLk-Iixc,Savage Level 9000,7392150,322158,0,14984,2017-03-09
iengNekeTNo,Reading The Youtube Terms Of Service,567386,19777,0,3579,2017-03-08
rqUvnLPvbrM,Reacting To The Reaction Of The Reaction To The Reaction Of The Reaction Of The Reaction To The Reac,7718340,323196,0,24706,2017-02-22
9CVwXBYVqVk,"Counting To 200,000 (Road To A Mil)",4045728,154743,0,19104,2017-02-18
i8pmk5xnO2s,Microwaving Dry Ice (Microwave Explodes),3351148,96895,0,5664,2017-02-10
xWcldHxHFpo,"I Counted To 100,000!",32149771,1495196,0,131396,2017-01-09
YH1-fDzHHpo,we are number one but every one is a bad intro,1986282,56402,0,8258,2016-12-25
ntlG5XgYg4k,Microwaving A Microwave Microwaving A Toaster,4955931,89389,0,15042,2016-12-23
Qy17S3g8ZuY,HOW TO UNLOCK ANY IPHONE WITHOUT THE PASSCODE,23112880,582337,0,33380,2016-12-21
PJyWmlWNor8,WHY DO THEY SELL THIS ON AMAZON?,8835769,718192,0,13055,2016-12-18
KzwTYZ2W3ZA,Microwaving A Microwave,11765403,438909,0,41271,2016-12-09
9fa_JYTPZ2Y,IF YOU ONLY SEE ORANGE YOU'RE COLOR BLIND,1837560,93332,0,7617,2016-12-05
t1BWMa8btIw,I Mailed Myself IN A BOX & it REALLY WORKED! (Human Mail Challenge),16481653,455243,0,15837,2016-11-30
2O8wta4FsD4,STUPIDEST PERSN ON EART (Really Dumb),2529430,184233,0,12347,2016-11-28
dSDBr0WjrwQ,"Reading The Entire Bee Movie Script But Everytime They Say ""Bee"" I Repeat All the Previous Bees",10996363,216527,0,11857,2016-11-25
DbC9CauTXoM,THE WORST THINGS EVER TO EXIST,3796467,328128,0,18158,2016-11-19
yhNcDBnQsEY,BLOWING UP $1000 KEYBOARD *RIP WALLET*,3881619,226753,0,4898,2016-11-12
Wyyqz3OxB5c,MY $1000 KEYBOARD CHANGED MY LIFE,13442069,354709,0,7797,2016-11-04
KO8B2kw_Jxs,I BOUGHT A 1000$ KEYBOARD,1627610,38368,0,2793,2016-10-26
NEDPgQYhbqs,IF ONLINE ADS WERE REAL,9895640,579267,0,17719,2016-10-17
DpIvW6av0pI,IT FINALLY CAME IN THE MAIL,354262,11949,0,1305,2016-10-11
RPcXg2-0ejw,Bleach Bottle Flips (COP CALLED),1239608,55408,0,3082,2016-10-10
jhYG5BStQSk,Hi Me In A Year (Scheduled Uploaded A Year Ago),1712598,55042,0,4597,2016-10-05
wTIPpjUgAFE,Epic New Gaming And Youtube Setup 2016,417382,15131,0,928,2016-10-01
Fzh65vCyHWQ,24 HOUR EXPLOSION GIVEAWAY! WIN GIFTCARDS,827625,35144,0,4561,2016-09-06
vBp0bzVr09s,LISTENING TO OLD VOICEMAILS FOR THE FIRST TIME,381492,11702,0,1038,2016-08-29
AXjdI_LHWJU,GAMBLING MONEY WITH SCRATCH OFF TICKETS,3087553,59733,0,3413,2016-08-27
dJCsc_Cq9i4,BEST WALMART TOILET PAPER FORT,1475755,51048,0,2992,2016-08-25
bqpKlkPpT10,100 LAYERS OF SARAN WRAP + TOILET PAPER!!,3345147,139384,0,6767,2016-08-24
TIIU1ivhLKs,WORST REVIEWS ON AMAZON #4 *FUNNY*,1657995,124919,0,3571,2016-08-22
G4qOiwIE_o0,HOW MUCH MONEY DO YOUTUBERS MAKE?,3144526,152391,0,5489,2016-08-15
yozl6enFC-w,THE WORST SONG ON YOUTUBE *CRINGE*,842936,42201,0,6670,2016-08-09
LP_mGU3CgXk,SURPRISING MY BROTHER WITH A LAPTOP,1776524,119986,0,4141,2016-08-08
DoIQMkoYSzw,"SELLING ORGANS FOR $1,000,000",3615763,121327,0,7352,2016-08-03
e-If_d_bzfI,POKEMON GO STEREOTYPES,2282133,64392,0,2593,2016-07-14
5J6-5g2alp8,"100,000 SUBSCRIBERS.EXE",1506568,81467,0,7549,2016-07-09
qjGNBluF6_I,WORST REVIEWS ON AMAZON #2 HOW IS THIS LEGAL?,1200900,46100,0,5054,2016-07-03
TLoDwqQF5ug,BLOWING UP MY TABLET,180076,7546,0,1260,2016-07-02
uAFGIQPWL54,Worst Reviews On Amazon #1 (Minecraft Edition),718668,17314,0,1397,2016-06-27
SaDDjW9Rw-M,WORST THUMBNAILS ON YOUTUBE #3,914472,34995,0,1722,2016-06-22
CHdy9wND1jo,REACTING TO MY OLD MINECRAFT VIDEOS (HORRIBLE),1345945,35805,0,2741,2016-06-20
9LiS_3HEErU,HOW TO MAKE A GOOD INTRO FOR YOUTUBE,187618,6117,0,1359,2016-06-15
hRj5qNfkdO0,WORST BANNERS ON YOUTUBE #1,676918,18887,0,3598,2016-06-14
ocruJKe2tFk,"50,000 Subscribers.exe",559211,22285,0,3396,2016-06-12
MgRMNzKknto,Dude Perfect 4.0 - We Are Totally Better,433809,13057,0,1765,2016-06-07
tqO3_AKC5Ks,CUTTING TABLE IN HALF WITH PLASTIC KNIVES,3755881,165875,0,6881,2016-06-05
XW1TsAVdXsw,BEST INTROS ON YOUTUBE #1,28481295,815726,0,27376,2016-06-02
Qhdj_Umh1IE,Motivation For Youtubers #6 LAST ONE,160673,6424,0,504,2016-05-24
fN_RQFqaGHI,How Many Licks Does It Take To Get To The Center Of A Tootsie Pop?,391098,12250,0,2499,2016-05-20
hC3xW8xeCDs,Motivation For Youtubers #5,203120,8928,0,551,2016-05-16
xGJEPTCw9GU,18th Birthday QNA - Mom's Hair Dryer Age?,394619,15544,0,836,2016-05-08
FmjsePPBbdU,WORST MEMES AND TRENDS ON YOUTUBE!,645198,13029,0,1341,2016-05-02
lMLEcUXz6T8,Cereal Commentary,171790,5596,0,612,2016-04-28
BKJy7BFP3Is,WHERE IS MY COOKIE?????,125659,12435,0,1200,2016-04-25
1gfgZhW3YgU,"How Much Money Do Big Youtubers Make? (Pewdiepie, Markiplier, etc)",121284,4757,0,432,2016-04-23
VXmKt_1T0QM,Struggles Of Being A Youtuber,147240,5505,0,1117,2016-04-20
6XCUHLhdnEY,Reenacting Youtubers,186966,7116,0,548,2016-04-17
ttWTSskmxTA,Life Before And After Gamma (Insane) @GFuelEnergy,58382,2301,0,622,2016-04-14
5bCyFf8lSfk,Worst Thumbnails On Youtube #2 - Cringe,291113,10242,0,546,2016-04-11
ngVEpJs5A5s,Motivation For Small Youtubers #4 - Inspiration For Youtubers,153348,7302,0,625,2016-04-08
zjC48c3ptt0,Scheduled Uploaded 6 Months Ago (REACTION),143496,5164,0,455,2016-04-07
rS2sntC-lJI,Dude Perfect 3.0 - We Are Better,729150,21571,0,1835,2016-04-05
fG1N5kzeAhM,Dear Future Me (Scheduled Uploaded 6 Months Ago),2412708,135673,0,12548,2016-04-05
vT_gRRMjDi0,$100 GIVEAWAY PRANK (NO WEAPONS INVOLVED),69332,1859,0,235,2016-04-04
dfcPUqiivDY,GIVING AWAY $100 ITUNES GIFT CARDS,156988,4591,0,456,2016-04-02
zCR6DJX7Kak,Walking Dead Daryl DIED (Fan Reaction To Death),176515,4902,0,521,2016-03-28
4cX-w-ia0RU,Why Do Youtubers Ask For Likes?,178910,12061,0,666,2016-03-28
2nVjy-zd65Q,Making My Background More Epic,58400,2472,0,324,2016-03-27
xlzpD4GeBW0,Doing Youtube For Fun Or Views?,58390,2533,0,275,2016-03-24
8ZTy3K2QgOY,Pranks That Went Horribly Wrong,2157004,90327,0,2941,2016-03-20
k9zko79_3_I,Who Founded Faze? Who Created Faze Clan?,2056657,73059,0,3756,2016-03-18
fYnPyLfxSJg,Subscriber Goals For 2017,82452,2876,0,1318,2016-03-10
pBH_QL4JGcI,"20,000",202857,6173,0,854,2016-03-08
1wtFD9zSQO8,The Dreaded Unanswerable Question,191781,4965,0,355,2016-03-01
VqhjiwmGNKA,WORST THUMBNAILS ON YOUTUBE,619639,24617,0,1134,2016-02-29
EhZ9gHZOZT8,Beast Goes Camping (Didn't Go Wrong) (Didn't Go Sexual),209243,5197,0,362,2016-02-21
LHtkve6-O0g,NBA Interviews Gone Wrong (No Gun Pulled),68987,2006,0,154,2016-02-20
m3Ol8zn7brk,Movie Trailers Be Like,115257,4551,0,268,2016-02-16
qBiZA4QDsj0,What Is Youtube Red? Should I Buy Youtube Red?,111132,3879,0,334,2016-02-11
NeOrh4GnPZ4,Things I Hate #2 - Youtube Edition,176093,7680,0,1414,2016-02-09
fWhfOAuOqjY,Super Bowl Commercial 2016 Cost - How Much Does A Commercial Cost In 2016 Super Bowl?,97897,2560,0,320,2016-02-07
9Ax56oRhcZc,Counting To 10000 In One Sitting,68386488,714239,0,57246,2016-02-01
-cWVrFABWHw,HOW TO MAKE A VIRAL PRANK VIDEO 100% LEGIT,170799,6026,0,426,2016-01-27
z7qtJAAV5d0,Is Obama Dead? Dumb Google Searches!,230037,4701,0,284,2016-01-24
9pk-neTrDoM,How To Be MrBeast (Made By Really Old Subscriber),71518,2902,0,280,2016-01-24
JQscW6DfNZY,Should You Play Video Games?,99815,4292,0,190,2016-01-22
9smE_EiKJ8Q,School Is A Waste Of Time,135193,5822,0,734,2016-01-22
hfaPkoXeYfU,Is Michael Bay My Dad????????,78652,2410,0,246,2016-01-19
u0hHxeWkB_o,Lottery Taxes - How Much Tax Is If You Win The Lottery,136834,3656,0,256,2016-01-17
64WGWubQO3I,Motivation For Small Youtubers #3,183143,9423,0,1243,2016-01-12
QJUs6CSRCFU,Giving Away Two $15 Gift Cards (forgive me boyz),58424,3117,0,556,2016-01-11
Om4c4ilT_6g,Do Dislikes Matter On Youtube - Are Dislikes Bad Or Good?,383176,23815,0,2028,2016-01-08
GbOfxRfHdeg,How To Get Active Subscribers On Youtube? Tips 2016,95580,4479,0,712,2016-01-06
yzxYCRDcGDs,Reaction Channels Are Stupid??????? #JCTG,75964,2194,0,419,2016-01-05
PCakYf_PnT0,Goodbye Laptop,169229,6977,0,617,2016-01-02
8nv_ltg4RAg,2015 Year Highlights,74161,2525,0,519,2015-12-31
VvphlSvCyj8,MrBeast Rest In Pepperoni 6000,225542,5924,0,452,2015-12-28
JP3v6UxI124,How To Think Of Good Video Ideas (Tips),128920,8061,0,537,2015-12-26
jRURlbRAUhI,Whats That Song Name?,196960,7567,0,1445,2015-12-24
I_3R9YGFlHE,The Anti-Beast,945131,30125,0,1778,2015-12-24
xjJJ_wDlc1E,"Reacting To Family Accounts (MamaBeast, MrBeast'sLaptop, Etc)",943872,20480,0,1964,2015-12-23
cqirhwhq_qM,Do Youtubers Pay Taxes????? (USA),112090,4472,0,411,2015-12-20
3IQdDBwc42o,Why Does This Video Have No Thumbnail?,101484,4138,0,434,2015-12-15
4YHnf3YepwU,Totally 100% Real Epic Ping Pong Trickshots,99141,4411,0,304,2015-12-12
uxzBq4Y_fNw,Exams Be Like,498616,14572,0,1095,2015-12-10
HIhUkvAG0o4,How Many People Have A Silver Play Button????,475876,13083,0,779,2015-12-09
cpI5lCaqZcQ,How To Get More Views And Subscribers On Youtube (2016),76645,3442,0,327,2015-12-04
6zQhLOw1nw8,Should You Do COD Commentaries In 2016????,59152,1447,0,281,2015-12-03
mfvi_jgdVqE,THINGS I HATE #1,487649,15902,0,1665,2015-12-02
zExxMxcoJ6A,Worst MrBeast6000 Intros?? (Fan Made!),494389,13401,0,1611,2015-12-01
hD_Af6W2qug,Dear Razer Can I Have My 70$ Back?????,7608535,349883,0,24569,2015-11-30
XOtTKQujlkI,"How Many People Get The Golden Play Button? (1,000,000 Subscribers)",157575,3922,0,556,2015-11-28
dRqthQ2Mc_0,"Spam404 Has Terminated 5,000,000 Videos (Including Pewdiepie)",115311,2740,0,286,2015-11-26
8TFq_vvO_Wg,MrBeast6000's First Video (So Bad lol),14153487,535772,0,34903,2015-11-20
oo8ve4Ldpck,The Evolution Of My Youtube Banners,75516,2457,0,392,2015-11-19
sKn8Tbp2a-4,"Shark Tank Most Successful Products, Entrepreneurs, Or Businesses 2015",148476,1367,0,186,2015-11-09
g0IrVKXIbmE,PSYCHO FRIEND SMASHES MY LAPTOP! (Mc Juggernuggets Parody),314942,11661,0,901,2015-11-06
2Om2M4_Kyd0,FREE TO USE BO3 GAMEPLAY - 1080p,58430,1875,0,177,2015-11-03
KaaEivIqX6M,Double Agent (Short Film),171005,6204,0,477,2015-11-01
W4gBpws7Ug8,YOU ONLY DO YOUTUBE FOR VIEWS,84027,3538,0,268,2015-10-30
NT3EkjxO8hs,"10,000 QNA With MUM",338317,14413,0,1812,2015-10-29
syMozMiJneM,Why I Stopped Playing Video Games - Video Game Commentary,66378,1743,0,211,2015-10-26
Wt6cMjn3YLg,YOUTUBE RED STEALS CONTENT CREATORS MONEY? What Is Youtube Red?,59777,2382,0,200,2015-10-22
OEuS7fjMlMc,Millions Of Views!,970608,31107,0,2048,2015-10-19
1Pr-R2nKTY4,"How To Get 1,000 Subscribers On Youtube - Vlogs Gaming",96746,4380,0,503,2015-10-16
QqdUhn99E-s,High School Education Be Like (Paying Taxes),61487,2053,0,224,2015-10-15
1UygJmcHUdQ,I Got Bored Of Studying So This Happened,737632,21507,0,999,2015-10-13
g4DAFnZcCcQ,Best Microphone For Youtube (Gaming Commentaries Vocals Singing Podcast),58395,2050,0,351,2015-10-12
LTr8cXAxy1I,9k Subs - Channel Talk,119973,4079,0,866,2015-10-10
Ow3xqv7ahXo,How Much Money Does Bill Gates Make / Have - Billionaire,141863,4128,0,350,2015-10-10
TRiF8PdrIP8,MrBeast6000's Channel Trailer,1638180,126001,0,12297,2015-10-09
NFZ_MtTvwm0,Best Non-Copyrighted Songs For Videos! (Intros Vlogs Gaming Trailers) 2016,85232,2600,0,260,2015-10-06
Pgxi8dsUW-o,Is Being A Youtuber Hard? Is Being A Youtuber Worth It?,109262,4553,0,608,2015-10-05
YY2-jJojnOA,Best Green Screen Lighting Ever? (Joking Obviously),592342,13958,0,683,2015-10-04
7Pogam71094,How Do Youtubers Make Money? How Do Youtubers Get Paid?,126849,3940,0,487,2015-09-30
DL0OPJ2hahc,Increase Youtube Views 2015! COMMUNITY CHANNELS - Boosting Youtube Views,58410,1853,0,303,2015-09-28
WwE0tR08OTU,Originality - A Youtube Poem By MrBeast6000,58504,2200,0,313,2015-09-27
2LIJtcI4dbg,Stupid Things People Search On Google,1376409,72437,0,4011,2015-09-26
rXnaD7PU9kY,"Ad Blocker For Chrome and Mobile, Should You Use It?",88733,3254,0,500,2015-09-24
Ng_qwlvhrJo,PC Master Race Vs Console Peasants,59710,2388,0,267,2015-09-22
bzIPun3cVsw,Shia Labeouf Motivates Youtubers!,400090,11004,0,597,2015-09-20
miKQkeq5sbU,Knives In Video Games Cost More Than Real Life????,66964,2189,0,268,2015-09-19
Lwt_VThQIdM,"Why I Sold My PS4, Not A Gaming Channel???",58398,2271,0,291,2015-09-18
P2oPACr4uuU,Selling PS4 For $250 + Elgato For $100!,58368,1745,0,299,2015-09-17
h-D6ukDcS9o,Do Tags Do Anything On Youtube?????,161144,6006,0,620,2015-09-14
mY77HA20MzA,Bronze And Platinum Play Buttons?????,1200746,31317,0,2561,2015-09-13
4krBgDFycgY,7k SUBS! Smashing Ghost + AW! Plus Channel Talk!,88915,3162,0,371,2015-09-10
dpUxRIqbNlc,Exility vs Dr.Pineapplez - Misleading Contest!,58400,4546,0,861,2015-09-09
Cp431S5z8PE,6 Uses For Your Advanced Warfare Disk!,58400,2135,0,386,2015-09-08
ttLYXcza4j4,MrBeast‚Äôs Outro Song,8688016,388143,0,18296,2015-09-06
3-f9DEFsh4w,Watching Video Games Is A Waste Of Time????,58372,1950,0,382,2015-09-05
vuOTP206zWM,"Pewdiepie's Shoutout, What Would You Do If You Won?",58377,2123,0,327,2015-09-05
J590MYm0SY8,How I Will Survive The Zombie Apocalypse!,238101,6796,0,731,2015-09-01
vGB2d5cQJpY,How Much Money Do Youtubers Make? Real Numbers!,420495,11769,0,694,2015-08-31
M94G0iKYiSM,HONEST Shout Out Sunday! Free Subscribers!,58387,1824,0,510,2015-08-30
pGYyUssWLTA,Social Media As A Job????,58412,2182,0,489,2015-08-29
j7kM8G_AjuY,Airplane Pilots Last Words Before Death,150111,2751,0,220,2015-08-29
deK-My3Of0o,How Much Do T.V. Commercials Cost?????,58386,1621,0,254,2015-08-28
oB8kFFvJdhE,How To Tweet When You're Dead! DEADSOCIAL Facebook And Instagram Also!,58360,1947,0,393,2015-08-27
X9eXa-Uzuj0,My Favorite FaZe Clan Members?????,59825,1805,0,221,2015-08-26
GxTVDClFXuc,MrBeast6000Subs,907567,56210,0,4682,2015-08-23
kGaq-Qi9hoE,"Youtube Networking - Aka Fake Likes, Subs, And Comments",58363,2848,0,452,2015-08-22
9zFfp3gzZ88,I Hate Youtubers That Ask For Likes,213521,11006,0,715,2015-08-21
mM2KwBYa-u4,My Mom Found My Channel!! :0,773659,26006,0,2476,2015-08-20
WAcmsAISniQ,1080p FREE TO USE BLACK OPS 3 GAMEPLAY,84098,1891,0,179,2015-08-20
kqUT-s3a6tU,"Black Ops 3 First Impressions, My First Game",58429,1720,0,392,2015-08-19
NUVglXbGBfs,Dogs Opinions On Youtubers Getting BO3 Early,102861,3077,0,181,2015-08-19
T-v4b3WtPAg,BO3,1367690,34862,0,2344,2015-08-18
m8qGlpcfAIw,Xbox One Destroyer? COD Advertisement Is Free,58775,1704,0,300,2015-08-18
uZPkMnv8b-o,Modern Art Is A Joke,67045,1974,0,158,2015-08-15
qVLr6SMxvJw,5 Steps To Becoming Successful On Youtube!,88508,3565,0,398,2015-08-14
4AigP5OY8JE,Time,94241,2209,0,280,2015-08-13
RMoFUeBVefA,Beast $500ish Youtube PC Great For Making Videos!,86287,1596,0,189,2015-08-12
ep7S1XnuQLU,"5,000 Hype",160053,3505,0,559,2015-08-11
p6bzNpgbX8Y,What Is Crohns Disease?????,292487,7304,0,584,2015-08-10
6T17licWsQ4,Leaving For 7 Days,59809,1495,0,303,2015-08-09
1s6UOlWdpw4,Motivation For Youtube - Ultimate Small Youtuber Motivation #2,197054,7402,0,724,2015-08-09
3LuchpUc7PU,Should I Buy An Elgato Game Capture??,58390,2084,0,523,2015-08-07
_f6xCA0-gAo,Fanboy Opinions On Black Ops 3,58396,1426,0,306,2015-08-06
lfD7kMZKuNg,Big Channel's Starting Over???,58373,1578,0,283,2015-08-05
ejlkNGm82w4,SAT And Some Random Stuff,58396,1733,0,662,2015-08-05
Jtj9rUqlB1Y,How Many Youtubers Are Millionaires???,123165,2008,0,265,2015-08-04
ZqzFRGH_tMQ,Always Changing My Name? Mr.Beast or MrBeast6000,186575,4469,0,524,2015-08-03
94A-bsumX9A,How Much Youtube Money Do I Make???,434987,10279,0,659,2015-08-03
gYaxI_allkQ,Am I Ian From Smosh????,1092574,13749,0,603,2015-08-03
AjXbO2XfBkE,How Do You Turn Off A PS4? Xbox Noob In Need Of Help,99600,2063,0,292,2015-08-02
ZQZzR0DUujc,"New Optic Gaming Gear Coming To Advanced Warfare, My Thoughts",58425,1843,0,420,2015-08-01
-V3-fhJQZkk,Youtube Collabs? Collabbing with Mr.Beast?,110635,2221,0,220,2015-08-01
QX0wvWGW2qg,Sacrifices And Youtube,58383,2695,0,489,2015-07-31
oODUkNQAzXU,5$ To Advertise Your Youtube Channel???,171038,3094,0,272,2015-07-31
2jWZtKTN6jU,Reuploading Other Youtubers Videos? Stealing Big Youtubers Videos.,58364,1537,0,247,2015-07-30
zsADECFHY8w,4k Subscriber's! First Channel Story!,110932,3188,0,433,2015-07-30
Feh8o-HmthM,People Who Got Rich From Movie Trailers On Youtube,101757,1667,0,227,2015-07-30
6Xv-LVYZQxk,Beast Gaming Set Up #almost4k,89108,2482,0,406,2015-07-29
8-0ZHJHp9g4,Advanced Warfare DLC 4 Honest Parody,58397,1661,0,404,2015-07-29
QqIG0R-KpGk,World's Worst Thieves,96924,2175,0,184,2015-07-28
qENpZBzgaUM,VANOSSGAMING IS IN TROUBLE,254661,3987,0,556,2015-07-28
4DYBVA4884Y,SpiderMan Robs Walmart?????,58393,1644,0,250,2015-07-27
skEf9R0TXkM,My Upload For ThunderstruckGaming,58578,1480,0,250,2015-07-26
CnMv_zTXZ38,Best FNAF 4 Fake Reactions! So Funny lol,92741,2763,0,367,2015-07-25
bEIK5ni_Pzs,How Many People Get The Diamond Play Button?????,1813142,18478,0,2740,2015-07-25
_oZyp4mTzSQ,Supply Drops For Charity! Ep #2,58382,2221,0,955,2015-07-24
is1LSWbssuA,Best Thing To Happen To This Channel?????,58386,1858,0,296,2015-07-23
XR_q9_LEKuc,Supply Drop Challenge For Charity,58374,2300,0,664,2015-07-22
X9UiBpDHW3w,FaZe Clan Vs Pewdiepie Who Would Win?????,69460,1254,0,165,2015-07-22
PRU47AuQF2M,"FaZe Adapt ""Stuttertage""",121140,3303,0,391,2015-07-20
Y3Rxgf5_R_I,The COD Community? Sleeping With Your Mom?,58402,1865,0,462,2015-07-19
R6zuvKbvKyU,Exility And Some Other Stuff - Update Vid,58386,11434,0,3286,2015-07-18
yCKe65Nvp0Q,Every Minecraft Let's Play Ever In Under A Minute,124125,3778,0,285,2015-07-17
XBe57FyB2xU,Why I deleted Today's First Upload,63862,1554,0,198,2015-07-16
zpCwHwWgbsI,What Is Spam404?????,58657,1424,0,326,2015-07-15
lh61MVUxJt0,The History Of Pewdiepie In 2 Minutes,259121,7293,0,561,2015-07-14
yWnmEPgLroQ,TWITCH STREAMERS REACT TO RECEIVING THOUSANDS FROM SAME GUY!,221638,2238,0,266,2015-07-13
eBklqeeIu10,I Hate Spam On Youtube,58399,1948,0,573,2015-07-13
SgMydsOucFg,INSANE TRIPLE LEGENDARY SUPPLY DROP! BEST OPENING YET?,58362,0,0,325,2015-07-12
jPm3hRiMKuU,Low Bridge Causes Dozen's Of Wrecks! 11-8 Bridge,58390,2212,0,520,2015-07-11
OweuuinkVZI,3k HYPE,157861,4616,0,662,2015-07-10
7Pr0HP-Trgk,How To Become A Gaming Youtuber! All You Need To Know!,58449,2065,0,451,2015-07-09
UEK0fYAqMss,My Solution For The Theft At The FaZe House - @FaZe_Rain @FaZeAdapt,58524,1313,0,235,2015-07-08
lRznKN2oPUc,5 Popular Channels That Were Terminated,137923,4532,0,1003,2015-07-08
IDrS_TrjuK4,What Is Youtube Terms Of Service?????,59688,1390,0,255,2015-07-07
J1lhxfZtR3M,Do You Think You Will Be Famous?????,150403,3244,0,622,2015-07-07
b_o8cz0ZNdk,What Is Swatting? Why I hate It!,98324,2435,0,241,2015-07-05
i5dhcAxO25Q,Reddit Is In Chaos After Firing Victoria,61505,1168,0,174,2015-07-04
-o_8CDbFMJ0,Paid Promotion On Youtube Good?,60036,1213,0,166,2015-07-04
v5J1Cycn3s8,How To Gain Youtube Success,91350,3162,0,328,2015-07-02
YJiqYG-Mylk,FaZe Members Reaction's To Joining Faze,614504,13777,0,686,2015-07-02
jGE1sUTeR5g,Battle of The Beasts Round 2 Winners!,58604,1490,0,328,2015-07-01
0tZCQ25fsoI,Youtube In 10 Years?????,643705,39912,0,6077,2015-06-30
N9jTogPwqVY,The Ultimate Motivation For Small Youtubers,309456,16130,0,1966,2015-06-29
yyJ7xEcENNI,How Much Does Pewdiepie Make?,255925,3232,0,224,2015-06-29
3rJgCGMPEqA,Random Stuff You Don't Care About,58390,2148,0,427,2015-06-28
7isfkomGg7o,Battle Of The Beast Round 1 Winners!,58369,1547,0,241,2015-06-24
UCYefSGBP00,The Truth About Big Community Channels,58400,2091,0,820,2015-06-22
dvdGkRK5a_0,WORLD'S FIRST BLACK OPS 3 GUN SYNC!!,71513,1677,0,159,2015-06-22
X7doE4h6W64,Insane Gun Sync - 7 Hours To Make,58418,2220,0,543,2015-06-21
GhppzOzN3MM,Battle of The Beasts Bracket!!!! (Not accepting anymore),58397,1550,0,325,2015-06-20
QkXDatNdL4U,Free To Use Advanced Warfare Gameplay! 2015,58363,1648,0,349,2015-06-19
hyt2t4r8lQ4,Battle Of The Beast Tournament UPDATE!,58409,1928,0,671,2015-06-19
-mlok5iT3GE,My Top 5 Favorite Things At E3 2015,58374,1791,0,435,2015-06-18
STvOHHgJ1sQ,Battle Of The Beasts (youtubers needed),58362,1503,0,343,2015-06-18
2-ErX5oDzwM,History Of COD Part 2! Black Ops 1 - History Of COD On Youtube!,58390,1313,0,172,2015-06-14
7ytYV-tVIvg,How Did Notch Become A Billionaire? How Much Did Minecraft Sell For?????,117150,2749,0,222,2015-06-12
ELIoOUKSOJQ,Top 10 Richest Gaming Youtubers?????,260266,7674,0,502,2015-06-11
uAoayezOaug,Markiplier Is A Great Man! Sub shodleech!,217672,2265,0,159,2015-06-09
Vr2337tCLCI,Insane Advanced Warfare Hacker!,58416,1845,0,344,2015-06-08
NV7qmqbS8tM,"What Is Considered A ""Bad Video"" On Youtube????? #karnageRC",75060,1517,0,165,2015-06-08
U9c-ycvw02A,I Think I Am Going For The #KarnageRC,58381,1911,0,505,2015-06-05
GfgcVOuHLAo,Every FaZe Video Ever #karnageRC,58371,1794,0,247,2015-06-05
zi7tZ-2PhLk,How Much Money Do You Make As An Uber Driver??????,58370,1347,0,195,2015-06-01
TacjQmKCiZg,How Much Does Faze Rain's Giveaway Cost??????,58369,1593,0,374,2015-05-31
AIytwdufwW8,MY MESSAGE TO COD YOUTUBERS (Watch till end plz),58766,1450,0,250,2015-05-30
KLAI0c0Spog,Best Of FlipArtz - His Best Advanced Supply Drops EVER!,120581,1422,0,114,2015-05-29
UVin8WtE5eU,Summer Is Finally Here!,61595,1247,0,252,2015-05-29
wNuxirsrwBk,Why Are Things Unbalanced In Video Games?????,92366,1371,0,175,2015-05-29
6bxZpS0cm5o,New Channel?,165434,4225,0,409,2015-05-24
ajJbMGq9AS4,"Youtube ""Freinds""",100376,1602,0,202,2015-05-23
UXw9jqgJNNc,"Youtube Stat News - Vevo Gets 10 Bil. Views A Month, Channel Milestones, and more!",58378,2379,0,791,2015-05-21
E3CqKvlzl-I,Big Changes??? Idk just watch the stupid video,58374,1788,0,386,2015-05-19
zfDr05ax0gM,How Much Money Does DramaAlert Make????,58400,1859,0,348,2015-05-16
56OkH6ocYZU,L0114R - Biblical Creeper Post for Post @L0114R,58789,1252,0,248,2015-05-15
w40Z8aT5fpQ,Why Do We Do Things That Are Bad For Us?????,58498,1828,0,266,2015-05-15
zgDezsMQyyU,How To Monetize Your Videos And Make Lots Of Youtube Money!!$$$,58526,1658,0,326,2015-05-11
UEwnitHoSDw,DIY $23.00 Mini Sound Booth? Does It Work?,149858,2725,0,192,2015-05-10
__SaaKSW9iE,Cut Coms vs Uncut Coms,58396,1529,0,310,2015-05-09
qWnyJ55KBKo,Minimum Wage,76146,1676,0,172,2015-05-08
52awie9G00A,My New Channel Trailer ;),63975,1678,0,143,2015-05-07
bB99NdUoxEQ,Why I Changed My Channel Name,146068,3685,0,346,2015-05-04
7GjSaNi8Epg,How Overpriced Is Movie Popcorn?????,58490,1563,0,305,2015-05-04
h5uE4ERMiTk,Screw Warface,58404,1535,0,249,2015-05-03
umRLkCrmwcs,My Problems,75044,2047,0,236,2015-05-01
rHoLyltYDtQ,Ma Channel,58366,1653,0,293,2015-04-30
yeHjsYQ076A,Remember When COD Was Fun?,58388,1740,0,323,2015-04-27
pqrdPu2ESFo,My Baby Got a Virus :(,80252,1696,0,228,2015-04-26
ywZy_Fo2ydo,Modern Art Is A Joke,58386,1537,0,232,2015-04-25
qr4v9pdfVlU,Cheat Channels,58363,1698,0,367,2015-04-24
hgiPX33AHas,Time,88783,1793,0,161,2015-04-23
oZ-Mn5p1xMw,"2,000 Subscribers",402095,21487,0,3806,2015-04-19
5UPa_hu5opg,Youtube,98135,2303,0,221,2015-04-15
zv_oq5UNDAo,"How To SAT, Get Into Yale",58413,1320,0,181,2015-04-13
NiqkH7qVW0U,100k Subs With No Videos????,484051,9542,0,2814,2015-04-11
boBokLXe5o8,Is Jacksepticeye A Millionaire?????? 2016,220804,3551,0,661,2015-04-10
7YOzgk-U4EU,How Rich Is Buzz Feed???,70917,1162,0,199,2015-04-07
prdSftLj9-g,How To Do A High School or College Paper!,98528,1857,0,192,2015-04-06
pzlPJmNyepA,What is Crohn's Disease?????,528947,18251,0,1203,2015-04-05
QNoqAnJOSqU,What Happens If You Get A Copy Right Strike??,179409,4512,0,542,2015-04-04
kzIA4vKyhRQ,5 Steps To Becoming Successful On Youtube,185857,8347,0,710,2015-04-03
DfonKqMENrg,Making Youtube a Priority,64520,1737,0,213,2015-04-02
MUQCwdkEbq0,Why I Was Not Uploading,60214,1324,0,196,2015-03-22
JlUzoQN9FWw,Youtubers Analytic's Explained,62358,1500,0,161,2015-03-06
0VjLq-go1fg,How Much $$$ Does Every Member of FaZe Make COMBINED????? 2016,108786,1703,0,331,2015-03-05
uCIpW9zOmgI,Is Pewdiepie The #2 Youtuber?!?!?  :0,92956,1804,0,319,2015-03-04
Z0Poefgrs4w,How Much Money Does Smosh Make????? 2016,78450,1390,0,216,2015-03-03
MLN6TRB9Jxw,Who Are The Worst Youtubers?????,270026,4234,0,403,2015-03-01
vZrL_FFITgs,Subscriber Goals For 2016,58998,1540,0,562,2015-02-28
L7lGD_anC00,How Many People Do Youtube as a JOB?????,59062,1497,0,232,2015-02-26
xu1nhAfnMGA,How Much Money Does Syndicate Project Make????? 2016,89190,1210,0,247,2015-02-25
D1livXdFGkQ,Are Youtubers Millionaires?,195103,3431,0,406,2015-02-23
bwp_3qLgWpQ,Magecraft - Epic Hit! 11k Troops killed.,58409,1480,0,324,2015-02-21
tZpnfF0-7Ls,Highest Paid Musicians????,141316,2182,0,293,2015-02-18
BwAMltY3-c0,Making Fun Of Youtuber's Intros.,320909,7642,0,598,2015-02-17
7HBR3Ea72CY,10 Things You DIDN'T Know About Youtube!,74042,1654,0,168,2015-02-08
Ds9H2UnUHL0,Quitting?,136742,4828,0,655,2015-02-07
iqUFeWAVp-0,How Much Money Does Markiplier Make????? 2016,142752,2244,0,235,2015-01-05
W2skFWRk6qo,PewDiePie Uploads A Fake Video! LOL,85607,1604,0,205,2015-01-02
X_qd-1xSTFA,Pewdiepie Was On T.V.,158370,3507,0,404,2014-12-07
VWa0ImMY2bQ,Five Facts You Didn't Know About Youtube.,102269,2140,0,235,2014-12-02
fEcASr38n2E,Milestones And Plans For My Channel,75017,1776,0,274,2014-11-30
udmf5MQLNGA,How Much Money Did Gangnam Style Earn??? 2016,106667,2018,0,239,2014-11-27
0dg2eR2NSQ0,Best League Player In The Universe.,325585,17079,0,946,2014-11-23
6BNOWeYFyP8,MageCraft - Beginners tutorial. (The app),58397,1336,0,203,2014-11-17
LDegY-H60_U,How much money does VanossGaming Make? 2016,343796,4674,0,280,2014-11-02
D51HaR-XvgM,Opening Old Basketball Cards! Ep. #1 (Michael Jordan Found),193802,4037,0,308,2014-10-21
Rio7r_vLUEo,20 Best Websites?????,189325,3522,0,454,2014-08-30
8E5Ygl02wtM,"How Much Money Does ""Chris Smooth"" Make?????",74414,1313,0,178,2014-08-22
moMJjt5KECc,Money Problems,293364,5212,0,412,2014-08-20
OffgqPzDi7Q,Vanoss vs Speedy! Who is better? Updated.,58451,1602,0,355,2014-08-20
B_7uD3B62MM,Welcome To My Channel!,84434,2002,0,181,2014-08-18
bA20RJcegOI,1500,316816,9092,0,1597,2014-08-09
NbHwVDt9Rjk,How Much Money Does Yogscast Make????? 2016,59368,1124,0,169,2014-07-14
VzsE09KjpKA,How Much Does WhiteBoy7thSt Make????? 2016,321505,2891,0,218,2014-07-12
HduubRTdko4,"How Much Does ""Epic Rap Battles"" Make?????",58423,1554,0,228,2014-07-11
qFOGv5zuTdw,How Much Money Does FaZe Make?????,58418,1684,0,293,2014-07-10
u6t4jrhs56Q,"Top Youtube ""ShoutOuts""",58368,1953,0,351,2014-07-09
460GXJiGCEs,Youtube Dream,79020,2322,0,597,2014-07-08
ZiuoOcj2eLY,In Dis Video I Play Minecraft. (Factions),60841,1733,0,201,2014-07-05
LYK6SPMtJ_Y,Youtube Grind,119170,2941,0,221,2014-06-29
2ljWxaMvE_0,Hacker in Ghost???? I Couldn't Kill Him.,58383,1724,0,398,2014-06-22
rSuuQ_s8gOw,How Much Money Does Tmartn Make?????,58372,1755,0,356,2014-06-22
vKKhX-Uyggw,How Much Money Does FaZe Rain Make?????,71701,1462,0,170,2014-06-18
EAwXH82m-6A,G2g Brb,58363,1816,0,425,2014-06-16
U_07AG_CR5A,Crazy Nub Tub Reactions! Bo2 Fun!,58405,1768,0,379,2014-06-14
Xe0AGtF5aNU,Fun In COD. - Insane Reactions Lol,58408,1830,0,416,2014-06-11
NCv0drAPm_M,Minecraft Build-off Fun!!!!!,76351,2040,0,212,2014-06-09
HuLAAXZXIy0,This Kid Should Quit COD....,82718,1675,0,208,2014-06-03
pV7UcYW1OwA,Computer vs Console My Perspective.,110436,2384,0,340,2014-06-02
x4IXCimma-s,5 Youtubers I Think Will Be Famous...,236764,5817,0,887,2014-06-01
anZbhN0Wh_4,How Much Does PewDiePie Make????? 2016,422003,5926,0,430,2014-05-25
3Q3pQmzWyZM,I Got Really Really Really Bored....,59177,1762,0,353,2014-05-24
BqS4iVHa-LU,How Much Money Does Penguinz0 Make????? 2016,97883,3205,0,368,2014-05-17
zX04jQFKCpo,How Much Money Does CaptainSparkles Make????? 2016,773696,7420,0,568,2014-05-16
G7Y9ban7b0U,How Much Money Does Tobuscus Make?????,73241,1494,0,228,2014-05-15
EMVvA5Cr0fY,COD IS NOT DEAD,79966,2288,0,306,2014-05-08
e14MroQ5k_s,Storm,261829,7704,0,871,2014-05-01
CuzdxsOXEZ8,Hearthstone - All Beards Challenge!,80915,1717,0,253,2014-04-24
67Wj-0OyKOM,Youtube ad.,540984,10202,0,429,2014-04-21
LWstCINhd8g,Impossible,87161,2713,0,346,2014-04-20
dg6iqLCPizs,Motivation,95674,3254,0,280,2014-04-17
cRPldarzw-M,1k Subs,17541046,1278443,0,89273,2014-04-14
-rdYtmUejSE,Yup I is the best at the game.,290844,5389,0,547,2014-04-05
tusuuI7MEJU,Should I join FaZe?????,908323,18144,0,1741,2014-04-05
XDe5f8BEvwY,"Youtube Networks Requirerments. (Machinima, TGN, 8byte....)",92506,1388,0,190,2014-04-01
BtCGABBPH9s,Two Years of Youtube.,464956,9892,0,1011,2014-03-31
KJ_C_NSl0P8,"How Much Money Does ""Element Animation"" Make?????",190421,3556,0,353,2014-03-31
LI8nWXeYtOs,"How Much Money Does ""Skydoesminecraft"" Make????",78732,1657,0,381,2014-03-30
LMe7k8I082w,Should College Athletes Be Paid?????,90127,1968,0,299,2014-03-29
h77pHTSPSiw,"""Beast"" Channel Trailer",70663,1875,0,235,2014-03-29
JUiijjJOInw,What It Takes To Be A Full Time Youtuber...,61488,1912,0,461,2014-03-28
gpbY6zCEBv4,How Video Games Boosted My SAT Score. Lol,63799,1765,0,232,2014-03-27
Kgu2ApayYvI,How Much Money Do I Make?????,157468,4942,0,667,2014-03-16
S9PIukDRcvk,Update,71750,1973,0,350,2014-03-13
lrw3zkGS9Vc,Subscribers.,115085,3251,0,1117,2014-03-08
IQYW_lVBYGo,How Much Money Does KyR's Speedy's Crew Make?????,102122,2031,0,311,2014-03-02
iOjxpow6jow,How Many Youtubers Are Millionaries?????,502611,8922,0,1798,2014-02-27
GdD2pqAdjXY,"Flappy Bird - Builders Showdown, Which is Better?",120534,3274,0,428,2014-02-24
nmHCmLVLxcU,New COD Zombies In 2014?????,84935,2221,0,355,2014-02-24
TZPlDuYrcDQ,Minecraft Mansion Timelapse,624069,19894,0,2308,2014-02-23
Oub4nMrNTqQ,Top 5 NON-COPYRIGHTED Songs!!!!!,127668,3482,0,613,2014-02-18
h5Z36IuyrKc,Vanoss vs Speedy! Which is better?,118792,2755,0,929,2014-02-17
2IGxSOfsBok,I Hate Pewdiepie!!!!!,3018564,225279,0,14500,2014-02-01
ZxkLCq49Tvk,Does Spam Work?????,469525,7366,0,753,2014-01-21
smDPnIdlkhM,100th VIDEO SPECIAL!,451417,14391,0,1614,2014-01-20
DjMYkWCEan8,The Vortex SMP Episode 1! Just Derping Around and Explaining Things.,137265,3698,0,403,2014-01-18
3nn_skHgkqI,Has Youtube Met Its Match?????,108490,2348,0,288,2014-01-12
A8IkOqb_7Yg,How Much Money Does Pewdiepie Make????? (Updated 2015),1933869,28919,0,2056,2014-01-12
hHl_YMivv3c,"Battle Pirates, my base.",84391,2005,0,331,2013-12-31
7mLSbgyjM0g,"Battle Pirates, Hellstrike Base attack.",74515,1978,0,328,2013-12-30
TGKkMl17Htg,"Battle Pirates, Unstoppable Ship!",60317,2310,0,704,2013-12-30
Qw3eFnsSdlQ,Best Hellstrike Build???? (Battle Pirates),60220,1980,0,499,2013-12-29
KcNCJ1mgt14,"Marauder Builds, Battle Pirates In Depth Builds.",60234,2278,0,666,2013-12-29
A4lp4FRCo6o,"Battle pirates, How To Auto Lvl 40 Salvages.",63454,2051,0,435,2013-12-29
WYKZz3Zygdc,Hellstrikes vs 7 halos!,88822,2069,0,394,2013-12-27
5U2fmvh9_Is,"Battle Pirates, Hellstrike vs Epic Base!",75185,2004,0,372,2013-12-24
xvIpibLjs5k,"Battle Pirates, Another Hellstrike Fail.",74553,2056,0,359,2013-12-19
jlpAON0ePME,Battle pirates Hellstrike fail!,74608,2026,0,341,2013-12-19
sfp0a6zDoNQ,"Battle Pirates, lvl 66 vs Missile Cruiser x Fleet!",76554,2003,0,298,2013-12-18
RaDRWNz3Al4,"Battle Pirates, Hellstrike Too Overpowered????",74169,2058,0,310,2013-12-14
Ms9MGkEm4mg,"Battle Pirates, All Sentinel Base.",80259,2197,0,351,2013-12-05
90wWStXJX5c,"Battle pirates, Lvl 58 Mercury Base Attack!",114592,2532,0,358,2013-12-05
ruSVy-u2DzM,"Battle Pirates, Stingray vs Mercury Epic Battle!",77870,2411,0,463,2013-12-05
pP1KMQb51GA,OpTiC NaDeShOt Got Hack!!,82397,2341,0,484,2013-11-28
dPxAFqs2eYE,"Epic Ghost Multiplayer EasterEggs! (PrisonBreak, Sovereign, and Flooded)",115212,3313,0,337,2013-11-17
p-KVD5rA_Cw,Why Google Does Not Care What We Think....,451912,7444,0,738,2013-11-17
JdCgkcb1iwQ,My First Kem Strike!,88807,3201,0,661,2013-11-17
7anhkLPRk-A,Google+ The Death Of Youtube?????,146209,3481,0,399,2013-11-14
XVMY7B3AzWM,How Much Money Does PewDiePie Make?????,850157,15270,0,1438,2013-11-12
QXag-irFHxE,Most Overpowered Guns In Ghost!,121432,3777,0,366,2013-11-12
vBEGODNmdas,Are Minecraft Faction Has A New Pet! (poopymiscquidlepants),109576,2984,0,318,2013-11-01
v3tbnlc5cfo,Battle Pirates!,114216,4034,0,731,2013-09-22
ObYLL97-SBA,How To Duplicate Diamonds!!!!,183272,6546,0,595,2013-09-15
IaR7P4-wFK8,50k Video Views!!!! EpicSauce!,275653,9183,0,823,2013-09-09
v1ELS84GQu8,If This Video Gets One Million Views.....,13251849,1175068,0,71871,2013-09-07
ctJORnOjbrQ,These Were The Good Days....,184267,4683,0,434,2013-09-05
-hrPQFaDVKQ,Channel Update.,185931,4789,0,430,2013-08-17
bIZ5_L1ru2w,Funny Noob Tubing Reaction Montage!,131883,3775,0,431,2013-08-16
yyssjJEJMt4,"Minecraft, How To Grief Without Being Seen!",352274,18039,0,1489,2013-08-15
2bwPntvb90U,Buried Round 50 Gameplay! Black ops 2 Zombies.,145506,4543,0,455,2013-08-13
Wz1VHTZq16c,Minecraft Let's Play Ep. # 2 - Having Fun and Derping!,192225,7428,0,833,2013-08-12
Cs-kyTJso-A,Worlds Biggest Ball Of TNT Minecraft!  Challenge Video!,631017,19235,0,1631,2013-08-10
jkqd-oc0F00,"How To Get A Gaming Partnership, And What It Is.",104429,3762,0,650,2013-08-09
mVkT6Cd9SoI,Camping Montage.... LOL,106854,3602,0,527,2013-08-06
rffyxTTNkyk,Black Ops 2! Mini Update Video.,103654,4151,0,860,2013-08-05
OOesLeO6-pc,Randomness,103821,4313,0,849,2013-08-03
Q5lcjP6XlHw,203 Kill Game! Thanks For 300 Subscribers!,165738,6152,0,1027,2013-08-02
sE3ZZmYotSs,Call of Duty Ghost Multiplier Reveal Trailer Release Date!,124036,4198,0,587,2013-07-31
pUwUAtmBKxw,Insane Black Ops 2 HACKER!!!!,247456,6738,0,671,2013-07-30
p5rGgPZtjDw,Top Subscribed To Channels? BO2 w/ commentary!,127151,4680,0,792,2013-07-29
bWDmDsdvoBs,Career Ender ....  LOL,153579,4323,0,521,2013-07-28
OJA1QK-j-Oo,I Bought A New Microphone!  (quality test),164084,5228,0,582,2013-07-28
KL1X8NsVGd0,Top 10 Worst Guns in Call Of Duty History!,209535,7425,0,672,2013-07-26
q2HoSwCMcZw,Black ops 2 Patch news!,145390,5083,0,798,2013-07-25
RRknlgRqOds,Black ops 2 Invisible equipment and scorestreak glitch!,178651,5596,0,591,2013-07-21
j93M46a-W3U,I'm Back! Update Video....,197367,6853,0,737,2013-07-20
uqjfMNEWNIg,Minecraft Let's Play! Ep. 1. The Beginning!,700627,24918,0,2577,2013-07-09
X-g9aT2wFjM,Channel Trailer....,276688,10024,0,873,2013-07-06
pHKlrJeKmjA,Black ops 2 Shotgun gameplay w/ commentary....  Ps4 or Xbox?,253124,6724,0,800,2013-07-06
C82suucz4i4,Black ops 2 Gameplay w/ commentary. Hipsters,361692,12135,0,883,2013-07-03
H_DYlka7QAQ,Project Zomboid Let's Play ep [04] lots of stuff,147196,5844,0,900,2013-06-18
ov0KQthQ50U,Project Zomboid Let's Play ep. [03] Looting and storing.,141539,5643,0,1057,2013-06-17
MC-7ziNt_U4,Project Zomboid let's play ep. [02] Just some chores.,141934,5938,0,1022,2013-06-16
PNsF1Uh5yP8,Project Zomboid Lets Play ep [01] Roughing it out!,247897,8909,0,876,2013-06-15
9Y2sAtN5yRs,Gunpowder plus mod! (Grenade mod) Epic explosions for minecraft.,222324,8131,0,824,2013-04-21
-z349CGAOXs,Horse racing map for new update! (minecraft),210238,7860,0,890,2013-04-21
pl4xmh3RWfE,Amazing minecraft Cathedral!,418782,13990,0,1250,2013-04-21
6z5RwrvnH28,Huge WW2 jeep! Minecraft creations.,603802,18613,0,1915,2013-04-21
ivdQqobHDPc,Story time!,614163,20429,0,1590,2013-04-18
uUIlb2rpIuY,Epic Minecraft city! (w/ download link!),376678,11417,0,1066,2013-04-11
Ros1PpcO5Js,Pokemon online battle #9 [rb] Hidden power ice ftw!,194018,7768,0,790,2013-04-07
KYv1nqutbK0,Pokemon online battle #8 Stone edge,187911,8827,0,1592,2013-04-05
7Yi-ctyTNU4,Online pokemon battle #7 [uu] 5-0,241169,10250,0,939,2013-04-04
VN2-3OfUzd8,Magic karp sweeps whole team of LEGENDARIES!!!,197886,7875,0,924,2013-04-02
-2IFrMOM36w,Pokemon online battles #5 [uu] Heracross never seems to dissapoint me...,195968,8910,0,1209,2013-04-01
7dIFHQkrASM,This is a detailed break down of my favorite UU team... ENJOY!,209286,8791,0,1012,2013-03-30
QicO1Gd0kvU,Pokemon online battle #4 [uu] Same old team,248014,0,0,1063,2013-03-28
yFfcsmK2TOA,Online pokemon battle #3 [uu] Ice punch,208592,0,0,1415,2013-03-28
Jl0-6tbNGBo,Pokemon online battle #2 [uu] Herracross w/ Dat MOXIE BOOST,304767,0,0,1234,2013-03-26
IAbX0FwX-GY,Why I Haven't Been Uploading,838110,0,0,1763,2013-03-26
XKSJRulqDNA,Most Epic Thing In Minecraft!?!?!?!?!?!!?????,440863,17741,0,1845,2013-03-11
jysfHFHNjYQ,Epic minecraft apartment complex!,556063,22507,0,2239,2013-01-27
Yox25V8Qsm4,Crazy Illulsions In Minecraft. (Bigre),706622,25034,0,2595,2013-01-27
clcN3OA8SNw,Best Minecraft Castle Ever?,409007,19608,0,2268,2013-01-27
m3lTwO0aNyw,How to get unlimited diamonds! minecraft (x-ray),595647,24817,0,2224,2013-01-27
gchqnwXlxJw,Drinks in minecraft (mod),575702,0,0,1795,2013-01-26
atCPtw4dg7g,Emerald tool mod! (minecraft),556445,25466,0,2296,2013-01-24
t8aM4HuVLrQ,This is a block? Since when lol.,871292,33462,0,4270,2013-01-22
M82VAcabSiA,Scary minecraft pig skin!,1092239,37410,0,3237,2013-01-13
7qj3nuF9Dzw,Most Epic minecraft skin EVER  (Psy),1225109,43864,0,3627,2013-01-13
Y74b7WlcEpk,More birds IN MINECRAFT!!,1356769,48892,0,3827,2013-01-13
Z8nEEdXTaX0,Boxy item mod Minecraft.  EPIC,1598262,57659,0,4302,2013-01-13
jP82d277Cc8,Harry Potter Mod In Minecraft! EPIC MUST SEE MOD!!!,6057979,0,0,9311,2012-03-10
2XVcLrB7B3Y,Worst Minecraft Saw Trap Ever???,31092004,1321562,0,135981,2012-02-21
